"word1","word2","word3","word4","word5","word6"
"UNIVERSAL","DECLARATION","OF","HUMAN","RIGHTS","PREAMBLE"
"DECLARATION","OF","HUMAN","RIGHTS","PREAMBLE","WHEREAS"
"OF","HUMAN","RIGHTS","PREAMBLE","WHEREAS","RECOGNITION"
"HUMAN","RIGHTS","PREAMBLE","WHEREAS","RECOGNITION","OF"
"RIGHTS","PREAMBLE","WHEREAS","RECOGNITION","OF","THE"
"PREAMBLE","WHEREAS","RECOGNITION","OF","THE","INHERENT"
"WHEREAS","RECOGNITION","OF","THE","INHERENT","DIGNITY"
"RECOGNITION","OF","THE","INHERENT","DIGNITY","AND"
"OF","THE","INHERENT","DIGNITY","AND","OF"
"THE","INHERENT","DIGNITY","AND","OF","THE"
"INHERENT","DIGNITY","AND","OF","THE","EQUAL"
"DIGNITY","AND","OF","THE","EQUAL","AND"
"AND","OF","THE","EQUAL","AND","INALIENABLE"
"OF","THE","EQUAL","AND","INALIENABLE","RIGHTS"
"THE","EQUAL","AND","INALIENABLE","RIGHTS","OF"
"EQUAL","AND","INALIENABLE","RIGHTS","OF","ALL"
"AND","INALIENABLE","RIGHTS","OF","ALL","MEMBERS"
"INALIENABLE","RIGHTS","OF","ALL","MEMBERS","OF"
"RIGHTS","OF","ALL","MEMBERS","OF","THE"
"OF","ALL","MEMBERS","OF","THE","HUMAN"
"ALL","MEMBERS","OF","THE","HUMAN","FAMILY"
"MEMBERS","OF","THE","HUMAN","FAMILY","IS"
"OF","THE","HUMAN","FAMILY","IS","THE"
"THE","HUMAN","FAMILY","IS","THE","FOUNDATION"
"HUMAN","FAMILY","IS","THE","FOUNDATION","OF"
"FAMILY","IS","THE","FOUNDATION","OF","FREEDOM"
"IS","THE","FOUNDATION","OF","FREEDOM",","
"THE","FOUNDATION","OF","FREEDOM",",","JUSTICE"
"FOUNDATION","OF","FREEDOM",",","JUSTICE","AND"
"OF","FREEDOM",",","JUSTICE","AND","PEACE"
"FREEDOM",",","JUSTICE","AND","PEACE","IN"
",","JUSTICE","AND","PEACE","IN","THE"
"JUSTICE","AND","PEACE","IN","THE","WORLD"
"AND","PEACE","IN","THE","WORLD",","
"PEACE","IN","THE","WORLD",",","WHEREAS"
"IN","THE","WORLD",",","WHEREAS","DISREGARD"
"THE","WORLD",",","WHEREAS","DISREGARD","AND"
"WORLD",",","WHEREAS","DISREGARD","AND","CONTEMPT"
",","WHEREAS","DISREGARD","AND","CONTEMPT","FOR"
"WHEREAS","DISREGARD","AND","CONTEMPT","FOR","HUMAN"
"DISREGARD","AND","CONTEMPT","FOR","HUMAN","RIGHTS"
"AND","CONTEMPT","FOR","HUMAN","RIGHTS","HAVE"
"CONTEMPT","FOR","HUMAN","RIGHTS","HAVE","RESULTED"
"FOR","HUMAN","RIGHTS","HAVE","RESULTED","IN"
"HUMAN","RIGHTS","HAVE","RESULTED","IN","BARBAROUS"
"RIGHTS","HAVE","RESULTED","IN","BARBAROUS","ACTS"
"HAVE","RESULTED","IN","BARBAROUS","ACTS","WHICH"
"RESULTED","IN","BARBAROUS","ACTS","WHICH","HAVE"
"IN","BARBAROUS","ACTS","WHICH","HAVE","OUTRAGED"
"BARBAROUS","ACTS","WHICH","HAVE","OUTRAGED","THE"
"ACTS","WHICH","HAVE","OUTRAGED","THE","CONSCIENCE"
"WHICH","HAVE","OUTRAGED","THE","CONSCIENCE","OF"
"HAVE","OUTRAGED","THE","CONSCIENCE","OF","MANKIND"
"OUTRAGED","THE","CONSCIENCE","OF","MANKIND",","
"THE","CONSCIENCE","OF","MANKIND",",","AND"
"CONSCIENCE","OF","MANKIND",",","AND","THE"
"OF","MANKIND",",","AND","THE","ADVENT"
"MANKIND",",","AND","THE","ADVENT","OF"
",","AND","THE","ADVENT","OF","A"
"AND","THE","ADVENT","OF","A","WORLD"
"THE","ADVENT","OF","A","WORLD","IN"
"ADVENT","OF","A","WORLD","IN","WHICH"
"OF","A","WORLD","IN","WHICH","HUMAN"
"A","WORLD","IN","WHICH","HUMAN","BEINGS"
"WORLD","IN","WHICH","HUMAN","BEINGS","SHALL"
"IN","WHICH","HUMAN","BEINGS","SHALL","ENJOY"
"WHICH","HUMAN","BEINGS","SHALL","ENJOY","FREEDOM"
"HUMAN","BEINGS","SHALL","ENJOY","FREEDOM","OF"
"BEINGS","SHALL","ENJOY","FREEDOM","OF","SPEECH"
"SHALL","ENJOY","FREEDOM","OF","SPEECH","AND"
"ENJOY","FREEDOM","OF","SPEECH","AND","BELIEF"
"FREEDOM","OF","SPEECH","AND","BELIEF","AND"
"OF","SPEECH","AND","BELIEF","AND","FREEDOM"
"SPEECH","AND","BELIEF","AND","FREEDOM","FROM"
"AND","BELIEF","AND","FREEDOM","FROM","FEAR"
"BELIEF","AND","FREEDOM","FROM","FEAR","AND"
"AND","FREEDOM","FROM","FEAR","AND","WANT"
"FREEDOM","FROM","FEAR","AND","WANT","HAS"
"FROM","FEAR","AND","WANT","HAS","BEEN"
"FEAR","AND","WANT","HAS","BEEN","PROCLAIMED"
"AND","WANT","HAS","BEEN","PROCLAIMED","AS"
"WANT","HAS","BEEN","PROCLAIMED","AS","THE"
"HAS","BEEN","PROCLAIMED","AS","THE","HIGHEST"
"BEEN","PROCLAIMED","AS","THE","HIGHEST","ASPIRATION"
"PROCLAIMED","AS","THE","HIGHEST","ASPIRATION","OF"
"AS","THE","HIGHEST","ASPIRATION","OF","THE"
"THE","HIGHEST","ASPIRATION","OF","THE","COMMON"
"HIGHEST","ASPIRATION","OF","THE","COMMON","PEOPLE"
"ASPIRATION","OF","THE","COMMON","PEOPLE",","
"OF","THE","COMMON","PEOPLE",",","WHEREAS"
"THE","COMMON","PEOPLE",",","WHEREAS","IT"
"COMMON","PEOPLE",",","WHEREAS","IT","IS"
"PEOPLE",",","WHEREAS","IT","IS","ESSENTIAL"
",","WHEREAS","IT","IS","ESSENTIAL",","
"WHEREAS","IT","IS","ESSENTIAL",",","IF"
"IT","IS","ESSENTIAL",",","IF","MAN"
"IS","ESSENTIAL",",","IF","MAN","IS"
"ESSENTIAL",",","IF","MAN","IS","NOT"
",","IF","MAN","IS","NOT","TO"
"IF","MAN","IS","NOT","TO","BE"
"MAN","IS","NOT","TO","BE","COMPELLED"
"IS","NOT","TO","BE","COMPELLED","TO"
"NOT","TO","BE","COMPELLED","TO","HAVE"
"TO","BE","COMPELLED","TO","HAVE","RECOURSE"
"BE","COMPELLED","TO","HAVE","RECOURSE",","
"COMPELLED","TO","HAVE","RECOURSE",",","AS"
"TO","HAVE","RECOURSE",",","AS","A"
"HAVE","RECOURSE",",","AS","A","LAST"
"RECOURSE",",","AS","A","LAST","RESORT"
",","AS","A","LAST","RESORT",","
"AS","A","LAST","RESORT",",","TO"
"A","LAST","RESORT",",","TO","REBELLION"
"LAST","RESORT",",","TO","REBELLION","AGAINST"
"RESORT",",","TO","REBELLION","AGAINST","TYRANNY"
",","TO","REBELLION","AGAINST","TYRANNY","AND"
"TO","REBELLION","AGAINST","TYRANNY","AND","OPPRESSION"
"REBELLION","AGAINST","TYRANNY","AND","OPPRESSION",","
"AGAINST","TYRANNY","AND","OPPRESSION",",","THAT"
"TYRANNY","AND","OPPRESSION",",","THAT","HUMAN"
"AND","OPPRESSION",",","THAT","HUMAN","RIGHTS"
"OPPRESSION",",","THAT","HUMAN","RIGHTS","SHOULD"
",","THAT","HUMAN","RIGHTS","SHOULD","BE"
"THAT","HUMAN","RIGHTS","SHOULD","BE","PROTECTED"
"HUMAN","RIGHTS","SHOULD","BE","PROTECTED","BY"
"RIGHTS","SHOULD","BE","PROTECTED","BY","THE"
"SHOULD","BE","PROTECTED","BY","THE","RULE"
"BE","PROTECTED","BY","THE","RULE","OF"
"PROTECTED","BY","THE","RULE","OF","LAW"
"BY","THE","RULE","OF","LAW",","
"THE","RULE","OF","LAW",",","WHEREAS"
"RULE","OF","LAW",",","WHEREAS","IT"
"OF","LAW",",","WHEREAS","IT","IS"
"LAW",",","WHEREAS","IT","IS","ESSENTIAL"
",","WHEREAS","IT","IS","ESSENTIAL","TO"
"WHEREAS","IT","IS","ESSENTIAL","TO","PROMOTE"
"IT","IS","ESSENTIAL","TO","PROMOTE","THE"
"IS","ESSENTIAL","TO","PROMOTE","THE","DEVELOPMENT"
"ESSENTIAL","TO","PROMOTE","THE","DEVELOPMENT","OF"
"TO","PROMOTE","THE","DEVELOPMENT","OF","FRIENDLY"
"PROMOTE","THE","DEVELOPMENT","OF","FRIENDLY","RELATIONS"
"THE","DEVELOPMENT","OF","FRIENDLY","RELATIONS","BETWEEN"
"DEVELOPMENT","OF","FRIENDLY","RELATIONS","BETWEEN","NATIONS"
"OF","FRIENDLY","RELATIONS","BETWEEN","NATIONS",","
"FRIENDLY","RELATIONS","BETWEEN","NATIONS",",","WHEREAS"
"RELATIONS","BETWEEN","NATIONS",",","WHEREAS","THE"
"BETWEEN","NATIONS",",","WHEREAS","THE","PEOPLES"
"NATIONS",",","WHEREAS","THE","PEOPLES","OF"
",","WHEREAS","THE","PEOPLES","OF","THE"
"WHEREAS","THE","PEOPLES","OF","THE","UNITED"
"THE","PEOPLES","OF","THE","UNITED","NATIONS"
"PEOPLES","OF","THE","UNITED","NATIONS","HAVE"
"OF","THE","UNITED","NATIONS","HAVE","IN"
"THE","UNITED","NATIONS","HAVE","IN","THE"
"UNITED","NATIONS","HAVE","IN","THE","CHARTER"
"NATIONS","HAVE","IN","THE","CHARTER","REAFFIRMED"
"HAVE","IN","THE","CHARTER","REAFFIRMED","THEIR"
"IN","THE","CHARTER","REAFFIRMED","THEIR","FAITH"
"THE","CHARTER","REAFFIRMED","THEIR","FAITH","IN"
"CHARTER","REAFFIRMED","THEIR","FAITH","IN","FUNDAMENTAL"
"REAFFIRMED","THEIR","FAITH","IN","FUNDAMENTAL","HUMAN"
"THEIR","FAITH","IN","FUNDAMENTAL","HUMAN","RIGHTS"
"FAITH","IN","FUNDAMENTAL","HUMAN","RIGHTS",","
"IN","FUNDAMENTAL","HUMAN","RIGHTS",",","IN"
"FUNDAMENTAL","HUMAN","RIGHTS",",","IN","THE"
"HUMAN","RIGHTS",",","IN","THE","DIGNITY"
"RIGHTS",",","IN","THE","DIGNITY","AND"
",","IN","THE","DIGNITY","AND","WORTH"
"IN","THE","DIGNITY","AND","WORTH","OF"
"THE","DIGNITY","AND","WORTH","OF","THE"
"DIGNITY","AND","WORTH","OF","THE","HUMAN"
"AND","WORTH","OF","THE","HUMAN","PERSON"
"WORTH","OF","THE","HUMAN","PERSON","AND"
"OF","THE","HUMAN","PERSON","AND","IN"
"THE","HUMAN","PERSON","AND","IN","THE"
"HUMAN","PERSON","AND","IN","THE","EQUAL"
"PERSON","AND","IN","THE","EQUAL","RIGHTS"
"AND","IN","THE","EQUAL","RIGHTS","OF"
"IN","THE","EQUAL","RIGHTS","OF","MEN"
"THE","EQUAL","RIGHTS","OF","MEN","AND"
"EQUAL","RIGHTS","OF","MEN","AND","WOMEN"
"RIGHTS","OF","MEN","AND","WOMEN","AND"
"OF","MEN","AND","WOMEN","AND","HAVE"
"MEN","AND","WOMEN","AND","HAVE","DETERMINED"
"AND","WOMEN","AND","HAVE","DETERMINED","TO"
"WOMEN","AND","HAVE","DETERMINED","TO","PROMOTE"
"AND","HAVE","DETERMINED","TO","PROMOTE","SOCIAL"
"HAVE","DETERMINED","TO","PROMOTE","SOCIAL","PROGRESS"
"DETERMINED","TO","PROMOTE","SOCIAL","PROGRESS","AND"
"TO","PROMOTE","SOCIAL","PROGRESS","AND","BETTER"
"PROMOTE","SOCIAL","PROGRESS","AND","BETTER","STANDARDS"
"SOCIAL","PROGRESS","AND","BETTER","STANDARDS","OF"
"PROGRESS","AND","BETTER","STANDARDS","OF","LIFE"
"AND","BETTER","STANDARDS","OF","LIFE","IN"
"BETTER","STANDARDS","OF","LIFE","IN","LARGER"
"STANDARDS","OF","LIFE","IN","LARGER","FREEDOM"
"OF","LIFE","IN","LARGER","FREEDOM",","
"LIFE","IN","LARGER","FREEDOM",",","WHEREAS"
"IN","LARGER","FREEDOM",",","WHEREAS","MEMBER"
"LARGER","FREEDOM",",","WHEREAS","MEMBER","STATES"
"FREEDOM",",","WHEREAS","MEMBER","STATES","HAVE"
",","WHEREAS","MEMBER","STATES","HAVE","PLEDGED"
"WHEREAS","MEMBER","STATES","HAVE","PLEDGED","THEMSELVES"
"MEMBER","STATES","HAVE","PLEDGED","THEMSELVES","TO"
"STATES","HAVE","PLEDGED","THEMSELVES","TO","ACHIEVE"
"HAVE","PLEDGED","THEMSELVES","TO","ACHIEVE",","
"PLEDGED","THEMSELVES","TO","ACHIEVE",",","IN"
"THEMSELVES","TO","ACHIEVE",",","IN","CO-OPERATION"
"TO","ACHIEVE",",","IN","CO-OPERATION","WITH"
"ACHIEVE",",","IN","CO-OPERATION","WITH","THE"
",","IN","CO-OPERATION","WITH","THE","UNITED"
"IN","CO-OPERATION","WITH","THE","UNITED","NATIONS"
"CO-OPERATION","WITH","THE","UNITED","NATIONS",","
"WITH","THE","UNITED","NATIONS",",","THE"
"THE","UNITED","NATIONS",",","THE","PROMOTION"
"UNITED","NATIONS",",","THE","PROMOTION","OF"
"NATIONS",",","THE","PROMOTION","OF","UNIVERSAL"
",","THE","PROMOTION","OF","UNIVERSAL","RESPECT"
"THE","PROMOTION","OF","UNIVERSAL","RESPECT","FOR"
"PROMOTION","OF","UNIVERSAL","RESPECT","FOR","AND"
"OF","UNIVERSAL","RESPECT","FOR","AND","OBSERVANCE"
"UNIVERSAL","RESPECT","FOR","AND","OBSERVANCE","OF"
"RESPECT","FOR","AND","OBSERVANCE","OF","HUMAN"
"FOR","AND","OBSERVANCE","OF","HUMAN","RIGHTS"
"AND","OBSERVANCE","OF","HUMAN","RIGHTS","AND"
"OBSERVANCE","OF","HUMAN","RIGHTS","AND","FUNDAMENTAL"
"OF","HUMAN","RIGHTS","AND","FUNDAMENTAL","FREEDOMS"
"HUMAN","RIGHTS","AND","FUNDAMENTAL","FREEDOMS",","
"RIGHTS","AND","FUNDAMENTAL","FREEDOMS",",","WHEREAS"
"AND","FUNDAMENTAL","FREEDOMS",",","WHEREAS","A"
"FUNDAMENTAL","FREEDOMS",",","WHEREAS","A","COMMON"
"FREEDOMS",",","WHEREAS","A","COMMON","UNDERSTANDING"
",","WHEREAS","A","COMMON","UNDERSTANDING","OF"
"WHEREAS","A","COMMON","UNDERSTANDING","OF","THESE"
"A","COMMON","UNDERSTANDING","OF","THESE","RIGHTS"
"COMMON","UNDERSTANDING","OF","THESE","RIGHTS","AND"
"UNDERSTANDING","OF","THESE","RIGHTS","AND","FREEDOMS"
"OF","THESE","RIGHTS","AND","FREEDOMS","IS"
"THESE","RIGHTS","AND","FREEDOMS","IS","OF"
"RIGHTS","AND","FREEDOMS","IS","OF","THE"
"AND","FREEDOMS","IS","OF","THE","GREATEST"
"FREEDOMS","IS","OF","THE","GREATEST","IMPORTANCE"
"IS","OF","THE","GREATEST","IMPORTANCE","FOR"
"OF","THE","GREATEST","IMPORTANCE","FOR","THE"
"THE","GREATEST","IMPORTANCE","FOR","THE","FULL"
"GREATEST","IMPORTANCE","FOR","THE","FULL","REALIZATION"
"IMPORTANCE","FOR","THE","FULL","REALIZATION","OF"
"FOR","THE","FULL","REALIZATION","OF","THIS"
"THE","FULL","REALIZATION","OF","THIS","PLEDGE"
"FULL","REALIZATION","OF","THIS","PLEDGE",","
"REALIZATION","OF","THIS","PLEDGE",",","NOW"
"OF","THIS","PLEDGE",",","NOW",","
"THIS","PLEDGE",",","NOW",",","THEREFORE"
"PLEDGE",",","NOW",",","THEREFORE",","
",","NOW",",","THEREFORE",",","THE"
"NOW",",","THEREFORE",",","THE","GENERAL"
",","THEREFORE",",","THE","GENERAL","ASSEMBLY"
"THEREFORE",",","THE","GENERAL","ASSEMBLY","PROCLAIMS"
",","THE","GENERAL","ASSEMBLY","PROCLAIMS","THIS"
"THE","GENERAL","ASSEMBLY","PROCLAIMS","THIS","UNIVERSAL"
"GENERAL","ASSEMBLY","PROCLAIMS","THIS","UNIVERSAL","DECLARATION"
"ASSEMBLY","PROCLAIMS","THIS","UNIVERSAL","DECLARATION","OF"
"PROCLAIMS","THIS","UNIVERSAL","DECLARATION","OF","HUMAN"
"THIS","UNIVERSAL","DECLARATION","OF","HUMAN","RIGHTS"
"UNIVERSAL","DECLARATION","OF","HUMAN","RIGHTS","AS"
"DECLARATION","OF","HUMAN","RIGHTS","AS","A"
"OF","HUMAN","RIGHTS","AS","A","COMMON"
"HUMAN","RIGHTS","AS","A","COMMON","STANDARD"
"RIGHTS","AS","A","COMMON","STANDARD","OF"
"AS","A","COMMON","STANDARD","OF","ACHIEVEMENT"
"A","COMMON","STANDARD","OF","ACHIEVEMENT","FOR"
"COMMON","STANDARD","OF","ACHIEVEMENT","FOR","ALL"
"STANDARD","OF","ACHIEVEMENT","FOR","ALL","PEOPLES"
"OF","ACHIEVEMENT","FOR","ALL","PEOPLES","AND"
"ACHIEVEMENT","FOR","ALL","PEOPLES","AND","ALL"
"FOR","ALL","PEOPLES","AND","ALL","NATIONS"
"ALL","PEOPLES","AND","ALL","NATIONS",","
"PEOPLES","AND","ALL","NATIONS",",","TO"
"AND","ALL","NATIONS",",","TO","THE"
"ALL","NATIONS",",","TO","THE","END"
"NATIONS",",","TO","THE","END","THAT"
",","TO","THE","END","THAT","EVERY"
"TO","THE","END","THAT","EVERY","INDIVIDUAL"
"THE","END","THAT","EVERY","INDIVIDUAL","AND"
"END","THAT","EVERY","INDIVIDUAL","AND","EVERY"
"THAT","EVERY","INDIVIDUAL","AND","EVERY","ORGAN"
"EVERY","INDIVIDUAL","AND","EVERY","ORGAN","OF"
"INDIVIDUAL","AND","EVERY","ORGAN","OF","SOCIETY"
"AND","EVERY","ORGAN","OF","SOCIETY",","
"EVERY","ORGAN","OF","SOCIETY",",","KEEPING"
"ORGAN","OF","SOCIETY",",","KEEPING","THIS"
"OF","SOCIETY",",","KEEPING","THIS","DECLARATION"
"SOCIETY",",","KEEPING","THIS","DECLARATION","CONSTANTLY"
",","KEEPING","THIS","DECLARATION","CONSTANTLY","IN"
"KEEPING","THIS","DECLARATION","CONSTANTLY","IN","MIND"
"THIS","DECLARATION","CONSTANTLY","IN","MIND",","
"DECLARATION","CONSTANTLY","IN","MIND",",","SHALL"
"CONSTANTLY","IN","MIND",",","SHALL","STRIVE"
"IN","MIND",",","SHALL","STRIVE","BY"
"MIND",",","SHALL","STRIVE","BY","TEACHING"
",","SHALL","STRIVE","BY","TEACHING","AND"
"SHALL","STRIVE","BY","TEACHING","AND","EDUCATION"
"STRIVE","BY","TEACHING","AND","EDUCATION","TO"
"BY","TEACHING","AND","EDUCATION","TO","PROMOTE"
"TEACHING","AND","EDUCATION","TO","PROMOTE","RESPECT"
"AND","EDUCATION","TO","PROMOTE","RESPECT","FOR"
"EDUCATION","TO","PROMOTE","RESPECT","FOR","THESE"
"TO","PROMOTE","RESPECT","FOR","THESE","RIGHTS"
"PROMOTE","RESPECT","FOR","THESE","RIGHTS","AND"
"RESPECT","FOR","THESE","RIGHTS","AND","FREEDOMS"
"FOR","THESE","RIGHTS","AND","FREEDOMS","AND"
"THESE","RIGHTS","AND","FREEDOMS","AND","BY"
"RIGHTS","AND","FREEDOMS","AND","BY","PROGRESSIVE"
"AND","FREEDOMS","AND","BY","PROGRESSIVE","MEASURES"
"FREEDOMS","AND","BY","PROGRESSIVE","MEASURES",","
"AND","BY","PROGRESSIVE","MEASURES",",","NATIONAL"
"BY","PROGRESSIVE","MEASURES",",","NATIONAL","AND"
"PROGRESSIVE","MEASURES",",","NATIONAL","AND","INTERNATIONAL"
"MEASURES",",","NATIONAL","AND","INTERNATIONAL",","
",","NATIONAL","AND","INTERNATIONAL",",","TO"
"NATIONAL","AND","INTERNATIONAL",",","TO","SECURE"
"AND","INTERNATIONAL",",","TO","SECURE","THEIR"
"INTERNATIONAL",",","TO","SECURE","THEIR","UNIVERSAL"
",","TO","SECURE","THEIR","UNIVERSAL","AND"
"TO","SECURE","THEIR","UNIVERSAL","AND","EFFECTIVE"
"SECURE","THEIR","UNIVERSAL","AND","EFFECTIVE","RECOGNITION"
"THEIR","UNIVERSAL","AND","EFFECTIVE","RECOGNITION","AND"
"UNIVERSAL","AND","EFFECTIVE","RECOGNITION","AND","OBSERVANCE"
"AND","EFFECTIVE","RECOGNITION","AND","OBSERVANCE",","
"EFFECTIVE","RECOGNITION","AND","OBSERVANCE",",","BOTH"
"RECOGNITION","AND","OBSERVANCE",",","BOTH","AMONG"
"AND","OBSERVANCE",",","BOTH","AMONG","THE"
"OBSERVANCE",",","BOTH","AMONG","THE","PEOPLES"
",","BOTH","AMONG","THE","PEOPLES","OF"
"BOTH","AMONG","THE","PEOPLES","OF","MEMBER"
"AMONG","THE","PEOPLES","OF","MEMBER","STATES"
"THE","PEOPLES","OF","MEMBER","STATES","THEMSELVES"
"PEOPLES","OF","MEMBER","STATES","THEMSELVES","AND"
"OF","MEMBER","STATES","THEMSELVES","AND","AMONG"
"MEMBER","STATES","THEMSELVES","AND","AMONG","THE"
"STATES","THEMSELVES","AND","AMONG","THE","PEOPLES"
"THEMSELVES","AND","AMONG","THE","PEOPLES","OF"
"AND","AMONG","THE","PEOPLES","OF","TERRITORIES"
"AMONG","THE","PEOPLES","OF","TERRITORIES","UNDER"
"THE","PEOPLES","OF","TERRITORIES","UNDER","THEIR"
"PEOPLES","OF","TERRITORIES","UNDER","THEIR","JURISDICTION"
"OF","TERRITORIES","UNDER","THEIR","JURISDICTION","."
"TERRITORIES","UNDER","THEIR","JURISDICTION",".","ARTICLE"
"UNDER","THEIR","JURISDICTION",".","ARTICLE","n"
"THEIR","JURISDICTION",".","ARTICLE","n","ALL"
"JURISDICTION",".","ARTICLE","n","ALL","HUMAN"
".","ARTICLE","n","ALL","HUMAN","BEINGS"
"ARTICLE","n","ALL","HUMAN","BEINGS","ARE"
"n","ALL","HUMAN","BEINGS","ARE","BORN"
"ALL","HUMAN","BEINGS","ARE","BORN","FREE"
"HUMAN","BEINGS","ARE","BORN","FREE","AND"
"BEINGS","ARE","BORN","FREE","AND","EQUAL"
"ARE","BORN","FREE","AND","EQUAL","IN"
"BORN","FREE","AND","EQUAL","IN","DIGNITY"
"FREE","AND","EQUAL","IN","DIGNITY","AND"
"AND","EQUAL","IN","DIGNITY","AND","RIGHTS"
"EQUAL","IN","DIGNITY","AND","RIGHTS","."
"IN","DIGNITY","AND","RIGHTS",".","THEY"
"DIGNITY","AND","RIGHTS",".","THEY","ARE"
"AND","RIGHTS",".","THEY","ARE","ENDOWED"
"RIGHTS",".","THEY","ARE","ENDOWED","WITH"
".","THEY","ARE","ENDOWED","WITH","REASON"
"THEY","ARE","ENDOWED","WITH","REASON","AND"
"ARE","ENDOWED","WITH","REASON","AND","CONSCIENCE"
"ENDOWED","WITH","REASON","AND","CONSCIENCE","AND"
"WITH","REASON","AND","CONSCIENCE","AND","SHOULD"
"REASON","AND","CONSCIENCE","AND","SHOULD","ACT"
"AND","CONSCIENCE","AND","SHOULD","ACT","TOWARDS"
"CONSCIENCE","AND","SHOULD","ACT","TOWARDS","ONE"
"AND","SHOULD","ACT","TOWARDS","ONE","ANOTHER"
"SHOULD","ACT","TOWARDS","ONE","ANOTHER","IN"
"ACT","TOWARDS","ONE","ANOTHER","IN","A"
"TOWARDS","ONE","ANOTHER","IN","A","SPIRIT"
"ONE","ANOTHER","IN","A","SPIRIT","OF"
"ANOTHER","IN","A","SPIRIT","OF","BROTHERHOOD"
"IN","A","SPIRIT","OF","BROTHERHOOD","."
"A","SPIRIT","OF","BROTHERHOOD",".","ARTICLE"
"SPIRIT","OF","BROTHERHOOD",".","ARTICLE","n"
"OF","BROTHERHOOD",".","ARTICLE","n","EVERYONE"
"BROTHERHOOD",".","ARTICLE","n","EVERYONE","IS"
".","ARTICLE","n","EVERYONE","IS","ENTITLED"
"ARTICLE","n","EVERYONE","IS","ENTITLED","TO"
"n","EVERYONE","IS","ENTITLED","TO","ALL"
"EVERYONE","IS","ENTITLED","TO","ALL","THE"
"IS","ENTITLED","TO","ALL","THE","RIGHTS"
"ENTITLED","TO","ALL","THE","RIGHTS","AND"
"TO","ALL","THE","RIGHTS","AND","FREEDOMS"
"ALL","THE","RIGHTS","AND","FREEDOMS","SET"
"THE","RIGHTS","AND","FREEDOMS","SET","FORTH"
"RIGHTS","AND","FREEDOMS","SET","FORTH","IN"
"AND","FREEDOMS","SET","FORTH","IN","THIS"
"FREEDOMS","SET","FORTH","IN","THIS","DECLARATION"
"SET","FORTH","IN","THIS","DECLARATION",","
"FORTH","IN","THIS","DECLARATION",",","WITHOUT"
"IN","THIS","DECLARATION",",","WITHOUT","DISTINCTION"
"THIS","DECLARATION",",","WITHOUT","DISTINCTION","OF"
"DECLARATION",",","WITHOUT","DISTINCTION","OF","ANY"
",","WITHOUT","DISTINCTION","OF","ANY","KIND"
"WITHOUT","DISTINCTION","OF","ANY","KIND",","
"DISTINCTION","OF","ANY","KIND",",","SUCH"
"OF","ANY","KIND",",","SUCH","AS"
"ANY","KIND",",","SUCH","AS","RACE"
"KIND",",","SUCH","AS","RACE",","
",","SUCH","AS","RACE",",","COLOUR"
"SUCH","AS","RACE",",","COLOUR",","
"AS","RACE",",","COLOUR",",","SEX"
"RACE",",","COLOUR",",","SEX",","
",","COLOUR",",","SEX",",","LANGUAGE"
"COLOUR",",","SEX",",","LANGUAGE",","
",","SEX",",","LANGUAGE",",","RELIGION"
"SEX",",","LANGUAGE",",","RELIGION",","
",","LANGUAGE",",","RELIGION",",","POLITICAL"
"LANGUAGE",",","RELIGION",",","POLITICAL","OR"
",","RELIGION",",","POLITICAL","OR","OTHER"
"RELIGION",",","POLITICAL","OR","OTHER","OPINION"
",","POLITICAL","OR","OTHER","OPINION",","
"POLITICAL","OR","OTHER","OPINION",",","NATIONAL"
"OR","OTHER","OPINION",",","NATIONAL","OR"
"OTHER","OPINION",",","NATIONAL","OR","SOCIAL"
"OPINION",",","NATIONAL","OR","SOCIAL","ORIGIN"
",","NATIONAL","OR","SOCIAL","ORIGIN",","
"NATIONAL","OR","SOCIAL","ORIGIN",",","PROPERTY"
"OR","SOCIAL","ORIGIN",",","PROPERTY",","
"SOCIAL","ORIGIN",",","PROPERTY",",","BIRTH"
"ORIGIN",",","PROPERTY",",","BIRTH","OR"
",","PROPERTY",",","BIRTH","OR","OTHER"
"PROPERTY",",","BIRTH","OR","OTHER","STATUS"
",","BIRTH","OR","OTHER","STATUS","."
"BIRTH","OR","OTHER","STATUS",".","FURTHERMORE"
"OR","OTHER","STATUS",".","FURTHERMORE",","
"OTHER","STATUS",".","FURTHERMORE",",","NO"
"STATUS",".","FURTHERMORE",",","NO","DISTINCTION"
".","FURTHERMORE",",","NO","DISTINCTION","SHALL"
"FURTHERMORE",",","NO","DISTINCTION","SHALL","BE"
",","NO","DISTINCTION","SHALL","BE","MADE"
"NO","DISTINCTION","SHALL","BE","MADE","ON"
"DISTINCTION","SHALL","BE","MADE","ON","THE"
"SHALL","BE","MADE","ON","THE","BASIS"
"BE","MADE","ON","THE","BASIS","OF"
"MADE","ON","THE","BASIS","OF","THE"
"ON","THE","BASIS","OF","THE","POLITICAL"
"THE","BASIS","OF","THE","POLITICAL",","
"BASIS","OF","THE","POLITICAL",",","JURISDICTIONAL"
"OF","THE","POLITICAL",",","JURISDICTIONAL","OR"
"THE","POLITICAL",",","JURISDICTIONAL","OR","INTERNATIONAL"
"POLITICAL",",","JURISDICTIONAL","OR","INTERNATIONAL","STATUS"
",","JURISDICTIONAL","OR","INTERNATIONAL","STATUS","OF"
"JURISDICTIONAL","OR","INTERNATIONAL","STATUS","OF","THE"
"OR","INTERNATIONAL","STATUS","OF","THE","COUNTRY"
"INTERNATIONAL","STATUS","OF","THE","COUNTRY","OR"
"STATUS","OF","THE","COUNTRY","OR","TERRITORY"
"OF","THE","COUNTRY","OR","TERRITORY","TO"
"THE","COUNTRY","OR","TERRITORY","TO","WHICH"
"COUNTRY","OR","TERRITORY","TO","WHICH","A"
"OR","TERRITORY","TO","WHICH","A","PERSON"
"TERRITORY","TO","WHICH","A","PERSON","BELONGS"
"TO","WHICH","A","PERSON","BELONGS",","
"WHICH","A","PERSON","BELONGS",",","WHETHER"
"A","PERSON","BELONGS",",","WHETHER","IT"
"PERSON","BELONGS",",","WHETHER","IT","BE"
"BELONGS",",","WHETHER","IT","BE","INDEPENDENT"
",","WHETHER","IT","BE","INDEPENDENT",","
"WHETHER","IT","BE","INDEPENDENT",",","TRUST"
"IT","BE","INDEPENDENT",",","TRUST",","
"BE","INDEPENDENT",",","TRUST",",","NON-SELF-GOVERNING"
"INDEPENDENT",",","TRUST",",","NON-SELF-GOVERNING","OR"
",","TRUST",",","NON-SELF-GOVERNING","OR","UNDER"
"TRUST",",","NON-SELF-GOVERNING","OR","UNDER","ANY"
",","NON-SELF-GOVERNING","OR","UNDER","ANY","OTHER"
"NON-SELF-GOVERNING","OR","UNDER","ANY","OTHER","LIMITATION"
"OR","UNDER","ANY","OTHER","LIMITATION","OF"
"UNDER","ANY","OTHER","LIMITATION","OF","SOVEREIGNTY"
"ANY","OTHER","LIMITATION","OF","SOVEREIGNTY","."
"OTHER","LIMITATION","OF","SOVEREIGNTY",".","ARTICLE"
"LIMITATION","OF","SOVEREIGNTY",".","ARTICLE","n"
"OF","SOVEREIGNTY",".","ARTICLE","n","EVERYONE"
"SOVEREIGNTY",".","ARTICLE","n","EVERYONE","HAS"
".","ARTICLE","n","EVERYONE","HAS","THE"
"ARTICLE","n","EVERYONE","HAS","THE","RIGHT"
"n","EVERYONE","HAS","THE","RIGHT","TO"
"EVERYONE","HAS","THE","RIGHT","TO","LIFE"
"HAS","THE","RIGHT","TO","LIFE",","
"THE","RIGHT","TO","LIFE",",","LIBERTY"
"RIGHT","TO","LIFE",",","LIBERTY","AND"
"TO","LIFE",",","LIBERTY","AND","THE"
"LIFE",",","LIBERTY","AND","THE","SECURITY"
",","LIBERTY","AND","THE","SECURITY","OF"
"LIBERTY","AND","THE","SECURITY","OF","PERSON"
"AND","THE","SECURITY","OF","PERSON","."
"THE","SECURITY","OF","PERSON",".","ARTICLE"
"SECURITY","OF","PERSON",".","ARTICLE","n"
"OF","PERSON",".","ARTICLE","n","NO"
"PERSON",".","ARTICLE","n","NO","ONE"
".","ARTICLE","n","NO","ONE","SHALL"
"ARTICLE","n","NO","ONE","SHALL","BE"
"n","NO","ONE","SHALL","BE","HELD"
"NO","ONE","SHALL","BE","HELD","IN"
"ONE","SHALL","BE","HELD","IN","SLAVERY"
"SHALL","BE","HELD","IN","SLAVERY","OR"
"BE","HELD","IN","SLAVERY","OR","SERVITUDE"
"HELD","IN","SLAVERY","OR","SERVITUDE",";"
"IN","SLAVERY","OR","SERVITUDE",";","SLAVERY"
"SLAVERY","OR","SERVITUDE",";","SLAVERY","AND"
"OR","SERVITUDE",";","SLAVERY","AND","THE"
"SERVITUDE",";","SLAVERY","AND","THE","SLAVE"
";","SLAVERY","AND","THE","SLAVE","TRADE"
"SLAVERY","AND","THE","SLAVE","TRADE","SHALL"
"AND","THE","SLAVE","TRADE","SHALL","BE"
"THE","SLAVE","TRADE","SHALL","BE","PROHIBITED"
"SLAVE","TRADE","SHALL","BE","PROHIBITED","IN"
"TRADE","SHALL","BE","PROHIBITED","IN","ALL"
"SHALL","BE","PROHIBITED","IN","ALL","THEIR"
"BE","PROHIBITED","IN","ALL","THEIR","FORMS"
"PROHIBITED","IN","ALL","THEIR","FORMS","."
"IN","ALL","THEIR","FORMS",".","ARTICLE"
"ALL","THEIR","FORMS",".","ARTICLE","n"
"THEIR","FORMS",".","ARTICLE","n","NO"
"FORMS",".","ARTICLE","n","NO","ONE"
".","ARTICLE","n","NO","ONE","SHALL"
"ARTICLE","n","NO","ONE","SHALL","BE"
"n","NO","ONE","SHALL","BE","SUBJECTED"
"NO","ONE","SHALL","BE","SUBJECTED","TO"
"ONE","SHALL","BE","SUBJECTED","TO","TORTURE"
"SHALL","BE","SUBJECTED","TO","TORTURE","OR"
"BE","SUBJECTED","TO","TORTURE","OR","TO"
"SUBJECTED","TO","TORTURE","OR","TO","CRUEL"
"TO","TORTURE","OR","TO","CRUEL",","
"TORTURE","OR","TO","CRUEL",",","INHUMAN"
"OR","TO","CRUEL",",","INHUMAN","OR"
"TO","CRUEL",",","INHUMAN","OR","DEGRADING"
"CRUEL",",","INHUMAN","OR","DEGRADING","TREATMENT"
",","INHUMAN","OR","DEGRADING","TREATMENT","OR"
"INHUMAN","OR","DEGRADING","TREATMENT","OR","PUNISHMENT"
"OR","DEGRADING","TREATMENT","OR","PUNISHMENT","."
"DEGRADING","TREATMENT","OR","PUNISHMENT",".","ARTICLE"
"TREATMENT","OR","PUNISHMENT",".","ARTICLE","n"
"OR","PUNISHMENT",".","ARTICLE","n","EVERYONE"
"PUNISHMENT",".","ARTICLE","n","EVERYONE","HAS"
".","ARTICLE","n","EVERYONE","HAS","THE"
"ARTICLE","n","EVERYONE","HAS","THE","RIGHT"
"n","EVERYONE","HAS","THE","RIGHT","TO"
"EVERYONE","HAS","THE","RIGHT","TO","RECOGNITION"
"HAS","THE","RIGHT","TO","RECOGNITION","EVERYWHERE"
"THE","RIGHT","TO","RECOGNITION","EVERYWHERE","AS"
"RIGHT","TO","RECOGNITION","EVERYWHERE","AS","A"
"TO","RECOGNITION","EVERYWHERE","AS","A","PERSON"
"RECOGNITION","EVERYWHERE","AS","A","PERSON","BEFORE"
"EVERYWHERE","AS","A","PERSON","BEFORE","THE"
"AS","A","PERSON","BEFORE","THE","LAW"
"A","PERSON","BEFORE","THE","LAW","."
"PERSON","BEFORE","THE","LAW",".","ARTICLE"
"BEFORE","THE","LAW",".","ARTICLE","n"
"THE","LAW",".","ARTICLE","n","ALL"
"LAW",".","ARTICLE","n","ALL","ARE"
".","ARTICLE","n","ALL","ARE","EQUAL"
"ARTICLE","n","ALL","ARE","EQUAL","BEFORE"
"n","ALL","ARE","EQUAL","BEFORE","THE"
"ALL","ARE","EQUAL","BEFORE","THE","LAW"
"ARE","EQUAL","BEFORE","THE","LAW","AND"
"EQUAL","BEFORE","THE","LAW","AND","ARE"
"BEFORE","THE","LAW","AND","ARE","ENTITLED"
"THE","LAW","AND","ARE","ENTITLED","WITHOUT"
"LAW","AND","ARE","ENTITLED","WITHOUT","ANY"
"AND","ARE","ENTITLED","WITHOUT","ANY","DISCRIMINATION"
"ARE","ENTITLED","WITHOUT","ANY","DISCRIMINATION","TO"
"ENTITLED","WITHOUT","ANY","DISCRIMINATION","TO","EQUAL"
"WITHOUT","ANY","DISCRIMINATION","TO","EQUAL","PROTECTION"
"ANY","DISCRIMINATION","TO","EQUAL","PROTECTION","OF"
"DISCRIMINATION","TO","EQUAL","PROTECTION","OF","THE"
"TO","EQUAL","PROTECTION","OF","THE","LAW"
"EQUAL","PROTECTION","OF","THE","LAW","."
"PROTECTION","OF","THE","LAW",".","ALL"
"OF","THE","LAW",".","ALL","ARE"
"THE","LAW",".","ALL","ARE","ENTITLED"
"LAW",".","ALL","ARE","ENTITLED","TO"
".","ALL","ARE","ENTITLED","TO","EQUAL"
"ALL","ARE","ENTITLED","TO","EQUAL","PROTECTION"
"ARE","ENTITLED","TO","EQUAL","PROTECTION","AGAINST"
"ENTITLED","TO","EQUAL","PROTECTION","AGAINST","ANY"
"TO","EQUAL","PROTECTION","AGAINST","ANY","DISCRIMINATION"
"EQUAL","PROTECTION","AGAINST","ANY","DISCRIMINATION","IN"
"PROTECTION","AGAINST","ANY","DISCRIMINATION","IN","VIOLATION"
"AGAINST","ANY","DISCRIMINATION","IN","VIOLATION","OF"
"ANY","DISCRIMINATION","IN","VIOLATION","OF","THIS"
"DISCRIMINATION","IN","VIOLATION","OF","THIS","DECLARATION"
"IN","VIOLATION","OF","THIS","DECLARATION","AND"
"VIOLATION","OF","THIS","DECLARATION","AND","AGAINST"
"OF","THIS","DECLARATION","AND","AGAINST","ANY"
"THIS","DECLARATION","AND","AGAINST","ANY","INCITEMENT"
"DECLARATION","AND","AGAINST","ANY","INCITEMENT","TO"
"AND","AGAINST","ANY","INCITEMENT","TO","SUCH"
"AGAINST","ANY","INCITEMENT","TO","SUCH","DISCRIMINATION"
"ANY","INCITEMENT","TO","SUCH","DISCRIMINATION","."
"INCITEMENT","TO","SUCH","DISCRIMINATION",".","ARTICLE"
"TO","SUCH","DISCRIMINATION",".","ARTICLE","n"
"SUCH","DISCRIMINATION",".","ARTICLE","n","EVERYONE"
"DISCRIMINATION",".","ARTICLE","n","EVERYONE","HAS"
".","ARTICLE","n","EVERYONE","HAS","THE"
"ARTICLE","n","EVERYONE","HAS","THE","RIGHT"
"n","EVERYONE","HAS","THE","RIGHT","TO"
"EVERYONE","HAS","THE","RIGHT","TO","AN"
"HAS","THE","RIGHT","TO","AN","EFFECTIVE"
"THE","RIGHT","TO","AN","EFFECTIVE","REMEDY"
"RIGHT","TO","AN","EFFECTIVE","REMEDY","BY"
"TO","AN","EFFECTIVE","REMEDY","BY","THE"
"AN","EFFECTIVE","REMEDY","BY","THE","COMPETENT"
"EFFECTIVE","REMEDY","BY","THE","COMPETENT","NATIONAL"
"REMEDY","BY","THE","COMPETENT","NATIONAL","TRIBUNALS"
"BY","THE","COMPETENT","NATIONAL","TRIBUNALS","FOR"
"THE","COMPETENT","NATIONAL","TRIBUNALS","FOR","ACTS"
"COMPETENT","NATIONAL","TRIBUNALS","FOR","ACTS","VIOLATING"
"NATIONAL","TRIBUNALS","FOR","ACTS","VIOLATING","THE"
"TRIBUNALS","FOR","ACTS","VIOLATING","THE","FUNDAMENTAL"
"FOR","ACTS","VIOLATING","THE","FUNDAMENTAL","RIGHTS"
"ACTS","VIOLATING","THE","FUNDAMENTAL","RIGHTS","GRANTED"
"VIOLATING","THE","FUNDAMENTAL","RIGHTS","GRANTED","HIM"
"THE","FUNDAMENTAL","RIGHTS","GRANTED","HIM","BY"
"FUNDAMENTAL","RIGHTS","GRANTED","HIM","BY","THE"
"RIGHTS","GRANTED","HIM","BY","THE","CONSTITUTION"
"GRANTED","HIM","BY","THE","CONSTITUTION","OR"
"HIM","BY","THE","CONSTITUTION","OR","BY"
"BY","THE","CONSTITUTION","OR","BY","LAW"
"THE","CONSTITUTION","OR","BY","LAW","."
"CONSTITUTION","OR","BY","LAW",".","ARTICLE"
"OR","BY","LAW",".","ARTICLE","n"
"BY","LAW",".","ARTICLE","n","NO"
"LAW",".","ARTICLE","n","NO","ONE"
".","ARTICLE","n","NO","ONE","SHALL"
"ARTICLE","n","NO","ONE","SHALL","BE"
"n","NO","ONE","SHALL","BE","SUBJECTED"
"NO","ONE","SHALL","BE","SUBJECTED","TO"
"ONE","SHALL","BE","SUBJECTED","TO","ARBITRARY"
"SHALL","BE","SUBJECTED","TO","ARBITRARY","ARREST"
"BE","SUBJECTED","TO","ARBITRARY","ARREST",","
"SUBJECTED","TO","ARBITRARY","ARREST",",","DETENTION"
"TO","ARBITRARY","ARREST",",","DETENTION","OR"
"ARBITRARY","ARREST",",","DETENTION","OR","EXILE"
"ARREST",",","DETENTION","OR","EXILE","."
",","DETENTION","OR","EXILE",".","ARTICLE"
"DETENTION","OR","EXILE",".","ARTICLE","n"
"OR","EXILE",".","ARTICLE","n","EVERYONE"
"EXILE",".","ARTICLE","n","EVERYONE","IS"
".","ARTICLE","n","EVERYONE","IS","ENTITLED"
"ARTICLE","n","EVERYONE","IS","ENTITLED","IN"
"n","EVERYONE","IS","ENTITLED","IN","FULL"
"EVERYONE","IS","ENTITLED","IN","FULL","EQUALITY"
"IS","ENTITLED","IN","FULL","EQUALITY","TO"
"ENTITLED","IN","FULL","EQUALITY","TO","A"
"IN","FULL","EQUALITY","TO","A","FAIR"
"FULL","EQUALITY","TO","A","FAIR","AND"
"EQUALITY","TO","A","FAIR","AND","PUBLIC"
"TO","A","FAIR","AND","PUBLIC","HEARING"
"A","FAIR","AND","PUBLIC","HEARING","BY"
"FAIR","AND","PUBLIC","HEARING","BY","AN"
"AND","PUBLIC","HEARING","BY","AN","INDEPENDENT"
"PUBLIC","HEARING","BY","AN","INDEPENDENT","AND"
"HEARING","BY","AN","INDEPENDENT","AND","IMPARTIAL"
"BY","AN","INDEPENDENT","AND","IMPARTIAL","TRIBUNAL"
"AN","INDEPENDENT","AND","IMPARTIAL","TRIBUNAL",","
"INDEPENDENT","AND","IMPARTIAL","TRIBUNAL",",","IN"
"AND","IMPARTIAL","TRIBUNAL",",","IN","THE"
"IMPARTIAL","TRIBUNAL",",","IN","THE","DETERMINATION"
"TRIBUNAL",",","IN","THE","DETERMINATION","OF"
",","IN","THE","DETERMINATION","OF","HIS"
"IN","THE","DETERMINATION","OF","HIS","RIGHTS"
"THE","DETERMINATION","OF","HIS","RIGHTS","AND"
"DETERMINATION","OF","HIS","RIGHTS","AND","OBLIGATIONS"
"OF","HIS","RIGHTS","AND","OBLIGATIONS","AND"
"HIS","RIGHTS","AND","OBLIGATIONS","AND","OF"
"RIGHTS","AND","OBLIGATIONS","AND","OF","ANY"
"AND","OBLIGATIONS","AND","OF","ANY","CRIMINAL"
"OBLIGATIONS","AND","OF","ANY","CRIMINAL","CHARGE"
"AND","OF","ANY","CRIMINAL","CHARGE","AGAINST"
"OF","ANY","CRIMINAL","CHARGE","AGAINST","HIM"
"ANY","CRIMINAL","CHARGE","AGAINST","HIM","."
"CRIMINAL","CHARGE","AGAINST","HIM",".","ARTICLE"
"CHARGE","AGAINST","HIM",".","ARTICLE","n"
"AGAINST","HIM",".","ARTICLE","n","EVERYONE"
"HIM",".","ARTICLE","n","EVERYONE","CHARGED"
".","ARTICLE","n","EVERYONE","CHARGED","WITH"
"ARTICLE","n","EVERYONE","CHARGED","WITH","A"
"n","EVERYONE","CHARGED","WITH","A","PENAL"
"EVERYONE","CHARGED","WITH","A","PENAL","OFFENCE"
"CHARGED","WITH","A","PENAL","OFFENCE","HAS"
"WITH","A","PENAL","OFFENCE","HAS","THE"
"A","PENAL","OFFENCE","HAS","THE","RIGHT"
"PENAL","OFFENCE","HAS","THE","RIGHT","TO"
"OFFENCE","HAS","THE","RIGHT","TO","BE"
"HAS","THE","RIGHT","TO","BE","PRESUMED"
"THE","RIGHT","TO","BE","PRESUMED","INNOCENT"
"RIGHT","TO","BE","PRESUMED","INNOCENT","UNTIL"
"TO","BE","PRESUMED","INNOCENT","UNTIL","PROVED"
"BE","PRESUMED","INNOCENT","UNTIL","PROVED","GUILTY"
"PRESUMED","INNOCENT","UNTIL","PROVED","GUILTY","ACCORDING"
"INNOCENT","UNTIL","PROVED","GUILTY","ACCORDING","TO"
"UNTIL","PROVED","GUILTY","ACCORDING","TO","LAW"
"PROVED","GUILTY","ACCORDING","TO","LAW","IN"
"GUILTY","ACCORDING","TO","LAW","IN","A"
"ACCORDING","TO","LAW","IN","A","PUBLIC"
"TO","LAW","IN","A","PUBLIC","TRIAL"
"LAW","IN","A","PUBLIC","TRIAL","AT"
"IN","A","PUBLIC","TRIAL","AT","WHICH"
"A","PUBLIC","TRIAL","AT","WHICH","HE"
"PUBLIC","TRIAL","AT","WHICH","HE","HAS"
"TRIAL","AT","WHICH","HE","HAS","HAD"
"AT","WHICH","HE","HAS","HAD","ALL"
"WHICH","HE","HAS","HAD","ALL","THE"
"HE","HAS","HAD","ALL","THE","GUARANTEES"
"HAS","HAD","ALL","THE","GUARANTEES","NECESSARY"
"HAD","ALL","THE","GUARANTEES","NECESSARY","FOR"
"ALL","THE","GUARANTEES","NECESSARY","FOR","HIS"
"THE","GUARANTEES","NECESSARY","FOR","HIS","DEFENCE"
"GUARANTEES","NECESSARY","FOR","HIS","DEFENCE","."
"NECESSARY","FOR","HIS","DEFENCE",".","NO"
"FOR","HIS","DEFENCE",".","NO","ONE"
"HIS","DEFENCE",".","NO","ONE","SHALL"
"DEFENCE",".","NO","ONE","SHALL","BE"
".","NO","ONE","SHALL","BE","HELD"
"NO","ONE","SHALL","BE","HELD","GUILTY"
"ONE","SHALL","BE","HELD","GUILTY","OF"
"SHALL","BE","HELD","GUILTY","OF","ANY"
"BE","HELD","GUILTY","OF","ANY","PENAL"
"HELD","GUILTY","OF","ANY","PENAL","OFFENCE"
"GUILTY","OF","ANY","PENAL","OFFENCE","ON"
"OF","ANY","PENAL","OFFENCE","ON","ACCOUNT"
"ANY","PENAL","OFFENCE","ON","ACCOUNT","OF"
"PENAL","OFFENCE","ON","ACCOUNT","OF","ANY"
"OFFENCE","ON","ACCOUNT","OF","ANY","ACT"
"ON","ACCOUNT","OF","ANY","ACT","OR"
"ACCOUNT","OF","ANY","ACT","OR","OMISSION"
"OF","ANY","ACT","OR","OMISSION","WHICH"
"ANY","ACT","OR","OMISSION","WHICH","DID"
"ACT","OR","OMISSION","WHICH","DID","NOT"
"OR","OMISSION","WHICH","DID","NOT","CONSTITUTE"
"OMISSION","WHICH","DID","NOT","CONSTITUTE","A"
"WHICH","DID","NOT","CONSTITUTE","A","PENAL"
"DID","NOT","CONSTITUTE","A","PENAL","OFFENCE"
"NOT","CONSTITUTE","A","PENAL","OFFENCE",","
"CONSTITUTE","A","PENAL","OFFENCE",",","UNDER"
"A","PENAL","OFFENCE",",","UNDER","NATIONAL"
"PENAL","OFFENCE",",","UNDER","NATIONAL","OR"
"OFFENCE",",","UNDER","NATIONAL","OR","INTERNATIONAL"
",","UNDER","NATIONAL","OR","INTERNATIONAL","LAW"
"UNDER","NATIONAL","OR","INTERNATIONAL","LAW",","
"NATIONAL","OR","INTERNATIONAL","LAW",",","AT"
"OR","INTERNATIONAL","LAW",",","AT","THE"
"INTERNATIONAL","LAW",",","AT","THE","TIME"
"LAW",",","AT","THE","TIME","WHEN"
",","AT","THE","TIME","WHEN","IT"
"AT","THE","TIME","WHEN","IT","WAS"
"THE","TIME","WHEN","IT","WAS","COMMITTED"
"TIME","WHEN","IT","WAS","COMMITTED","."
"WHEN","IT","WAS","COMMITTED",".","NOR"
"IT","WAS","COMMITTED",".","NOR","SHALL"
"WAS","COMMITTED",".","NOR","SHALL","A"
"COMMITTED",".","NOR","SHALL","A","HEAVIER"
".","NOR","SHALL","A","HEAVIER","PENALTY"
"NOR","SHALL","A","HEAVIER","PENALTY","BE"
"SHALL","A","HEAVIER","PENALTY","BE","IMPOSED"
"A","HEAVIER","PENALTY","BE","IMPOSED","THAN"
"HEAVIER","PENALTY","BE","IMPOSED","THAN","THE"
"PENALTY","BE","IMPOSED","THAN","THE","ONE"
"BE","IMPOSED","THAN","THE","ONE","THAT"
"IMPOSED","THAN","THE","ONE","THAT","WAS"
"THAN","THE","ONE","THAT","WAS","APPLICABLE"
"THE","ONE","THAT","WAS","APPLICABLE","AT"
"ONE","THAT","WAS","APPLICABLE","AT","THE"
"THAT","WAS","APPLICABLE","AT","THE","TIME"
"WAS","APPLICABLE","AT","THE","TIME","THE"
"APPLICABLE","AT","THE","TIME","THE","PENAL"
"AT","THE","TIME","THE","PENAL","OFFENCE"
"THE","TIME","THE","PENAL","OFFENCE","WAS"
"TIME","THE","PENAL","OFFENCE","WAS","COMMITTED"
"THE","PENAL","OFFENCE","WAS","COMMITTED","."
"PENAL","OFFENCE","WAS","COMMITTED",".","ARTICLE"
"OFFENCE","WAS","COMMITTED",".","ARTICLE","n"
"WAS","COMMITTED",".","ARTICLE","n","NO"
"COMMITTED",".","ARTICLE","n","NO","ONE"
".","ARTICLE","n","NO","ONE","SHALL"
"ARTICLE","n","NO","ONE","SHALL","BE"
"n","NO","ONE","SHALL","BE","SUBJECTED"
"NO","ONE","SHALL","BE","SUBJECTED","TO"
"ONE","SHALL","BE","SUBJECTED","TO","ARBITRARY"
"SHALL","BE","SUBJECTED","TO","ARBITRARY","INTERFERENCE"
"BE","SUBJECTED","TO","ARBITRARY","INTERFERENCE","WITH"
"SUBJECTED","TO","ARBITRARY","INTERFERENCE","WITH","HIS"
"TO","ARBITRARY","INTERFERENCE","WITH","HIS","PRIVACY"
"ARBITRARY","INTERFERENCE","WITH","HIS","PRIVACY",","
"INTERFERENCE","WITH","HIS","PRIVACY",",","FAMILY"
"WITH","HIS","PRIVACY",",","FAMILY",","
"HIS","PRIVACY",",","FAMILY",",","HOME"
"PRIVACY",",","FAMILY",",","HOME","OR"
",","FAMILY",",","HOME","OR","CORRESPONDENCE"
"FAMILY",",","HOME","OR","CORRESPONDENCE",","
",","HOME","OR","CORRESPONDENCE",",","NOR"
"HOME","OR","CORRESPONDENCE",",","NOR","TO"
"OR","CORRESPONDENCE",",","NOR","TO","ATTACKS"
"CORRESPONDENCE",",","NOR","TO","ATTACKS","UPON"
",","NOR","TO","ATTACKS","UPON","HIS"
"NOR","TO","ATTACKS","UPON","HIS","HONOUR"
"TO","ATTACKS","UPON","HIS","HONOUR","AND"
"ATTACKS","UPON","HIS","HONOUR","AND","REPUTATION"
"UPON","HIS","HONOUR","AND","REPUTATION","."
"HIS","HONOUR","AND","REPUTATION",".","EVERYONE"
"HONOUR","AND","REPUTATION",".","EVERYONE","HAS"
"AND","REPUTATION",".","EVERYONE","HAS","THE"
"REPUTATION",".","EVERYONE","HAS","THE","RIGHT"
".","EVERYONE","HAS","THE","RIGHT","TO"
"EVERYONE","HAS","THE","RIGHT","TO","THE"
"HAS","THE","RIGHT","TO","THE","PROTECTION"
"THE","RIGHT","TO","THE","PROTECTION","OF"
"RIGHT","TO","THE","PROTECTION","OF","THE"
"TO","THE","PROTECTION","OF","THE","LAW"
"THE","PROTECTION","OF","THE","LAW","AGAINST"
"PROTECTION","OF","THE","LAW","AGAINST","SUCH"
"OF","THE","LAW","AGAINST","SUCH","INTERFERENCE"
"THE","LAW","AGAINST","SUCH","INTERFERENCE","OR"
"LAW","AGAINST","SUCH","INTERFERENCE","OR","ATTACKS"
"AGAINST","SUCH","INTERFERENCE","OR","ATTACKS","."
"SUCH","INTERFERENCE","OR","ATTACKS",".","ARTICLE"
"INTERFERENCE","OR","ATTACKS",".","ARTICLE","n"
"OR","ATTACKS",".","ARTICLE","n","EVERYONE"
"ATTACKS",".","ARTICLE","n","EVERYONE","HAS"
".","ARTICLE","n","EVERYONE","HAS","THE"
"ARTICLE","n","EVERYONE","HAS","THE","RIGHT"
"n","EVERYONE","HAS","THE","RIGHT","TO"
"EVERYONE","HAS","THE","RIGHT","TO","FREEDOM"
"HAS","THE","RIGHT","TO","FREEDOM","OF"
"THE","RIGHT","TO","FREEDOM","OF","MOVEMENT"
"RIGHT","TO","FREEDOM","OF","MOVEMENT","AND"
"TO","FREEDOM","OF","MOVEMENT","AND","RESIDENCE"
"FREEDOM","OF","MOVEMENT","AND","RESIDENCE","WITHIN"
"OF","MOVEMENT","AND","RESIDENCE","WITHIN","THE"
"MOVEMENT","AND","RESIDENCE","WITHIN","THE","BORDERS"
"AND","RESIDENCE","WITHIN","THE","BORDERS","OF"
"RESIDENCE","WITHIN","THE","BORDERS","OF","EACH"
"WITHIN","THE","BORDERS","OF","EACH","STATE"
"THE","BORDERS","OF","EACH","STATE","."
"BORDERS","OF","EACH","STATE",".","EVERYONE"
"OF","EACH","STATE",".","EVERYONE","HAS"
"EACH","STATE",".","EVERYONE","HAS","THE"
"STATE",".","EVERYONE","HAS","THE","RIGHT"
".","EVERYONE","HAS","THE","RIGHT","TO"
"EVERYONE","HAS","THE","RIGHT","TO","LEAVE"
"HAS","THE","RIGHT","TO","LEAVE","ANY"
"THE","RIGHT","TO","LEAVE","ANY","COUNTRY"
"RIGHT","TO","LEAVE","ANY","COUNTRY",","
"TO","LEAVE","ANY","COUNTRY",",","INCLUDING"
"LEAVE","ANY","COUNTRY",",","INCLUDING","HIS"
"ANY","COUNTRY",",","INCLUDING","HIS","OWN"
"COUNTRY",",","INCLUDING","HIS","OWN",","
",","INCLUDING","HIS","OWN",",","AND"
"INCLUDING","HIS","OWN",",","AND","TO"
"HIS","OWN",",","AND","TO","RETURN"
"OWN",",","AND","TO","RETURN","TO"
",","AND","TO","RETURN","TO","HIS"
"AND","TO","RETURN","TO","HIS","COUNTRY"
"TO","RETURN","TO","HIS","COUNTRY","."
"RETURN","TO","HIS","COUNTRY",".","ARTICLE"
"TO","HIS","COUNTRY",".","ARTICLE","n"
"HIS","COUNTRY",".","ARTICLE","n","EVERYONE"
"COUNTRY",".","ARTICLE","n","EVERYONE","HAS"
".","ARTICLE","n","EVERYONE","HAS","THE"
"ARTICLE","n","EVERYONE","HAS","THE","RIGHT"
"n","EVERYONE","HAS","THE","RIGHT","TO"
"EVERYONE","HAS","THE","RIGHT","TO","SEEK"
"HAS","THE","RIGHT","TO","SEEK","AND"
"THE","RIGHT","TO","SEEK","AND","TO"
"RIGHT","TO","SEEK","AND","TO","ENJOY"
"TO","SEEK","AND","TO","ENJOY","IN"
"SEEK","AND","TO","ENJOY","IN","OTHER"
"AND","TO","ENJOY","IN","OTHER","COUNTRIES"
"TO","ENJOY","IN","OTHER","COUNTRIES","ASYLUM"
"ENJOY","IN","OTHER","COUNTRIES","ASYLUM","FROM"
"IN","OTHER","COUNTRIES","ASYLUM","FROM","PERSECUTION"
"OTHER","COUNTRIES","ASYLUM","FROM","PERSECUTION","."
"COUNTRIES","ASYLUM","FROM","PERSECUTION",".","THIS"
"ASYLUM","FROM","PERSECUTION",".","THIS","RIGHT"
"FROM","PERSECUTION",".","THIS","RIGHT","MAY"
"PERSECUTION",".","THIS","RIGHT","MAY","NOT"
".","THIS","RIGHT","MAY","NOT","BE"
"THIS","RIGHT","MAY","NOT","BE","INVOKED"
"RIGHT","MAY","NOT","BE","INVOKED","IN"
"MAY","NOT","BE","INVOKED","IN","THE"
"NOT","BE","INVOKED","IN","THE","CASE"
"BE","INVOKED","IN","THE","CASE","OF"
"INVOKED","IN","THE","CASE","OF","PROSECUTIONS"
"IN","THE","CASE","OF","PROSECUTIONS","GENUINELY"
"THE","CASE","OF","PROSECUTIONS","GENUINELY","ARISING"
"CASE","OF","PROSECUTIONS","GENUINELY","ARISING","FROM"
"OF","PROSECUTIONS","GENUINELY","ARISING","FROM","NON-POLITICAL"
"PROSECUTIONS","GENUINELY","ARISING","FROM","NON-POLITICAL","CRIMES"
"GENUINELY","ARISING","FROM","NON-POLITICAL","CRIMES","OR"
"ARISING","FROM","NON-POLITICAL","CRIMES","OR","FROM"
"FROM","NON-POLITICAL","CRIMES","OR","FROM","ACTS"
"NON-POLITICAL","CRIMES","OR","FROM","ACTS","CONTRARY"
"CRIMES","OR","FROM","ACTS","CONTRARY","TO"
"OR","FROM","ACTS","CONTRARY","TO","THE"
"FROM","ACTS","CONTRARY","TO","THE","PURPOSES"
"ACTS","CONTRARY","TO","THE","PURPOSES","AND"
"CONTRARY","TO","THE","PURPOSES","AND","PRINCIPLES"
"TO","THE","PURPOSES","AND","PRINCIPLES","OF"
"THE","PURPOSES","AND","PRINCIPLES","OF","THE"
"PURPOSES","AND","PRINCIPLES","OF","THE","UNITED"
"AND","PRINCIPLES","OF","THE","UNITED","NATIONS"
"PRINCIPLES","OF","THE","UNITED","NATIONS","."
"OF","THE","UNITED","NATIONS",".","ARTICLE"
"THE","UNITED","NATIONS",".","ARTICLE","n"
"UNITED","NATIONS",".","ARTICLE","n","EVERYONE"
"NATIONS",".","ARTICLE","n","EVERYONE","HAS"
".","ARTICLE","n","EVERYONE","HAS","THE"
"ARTICLE","n","EVERYONE","HAS","THE","RIGHT"
"n","EVERYONE","HAS","THE","RIGHT","TO"
"EVERYONE","HAS","THE","RIGHT","TO","A"
"HAS","THE","RIGHT","TO","A","NATIONALITY"
"THE","RIGHT","TO","A","NATIONALITY","."
"RIGHT","TO","A","NATIONALITY",".","NO"
"TO","A","NATIONALITY",".","NO","ONE"
"A","NATIONALITY",".","NO","ONE","SHALL"
"NATIONALITY",".","NO","ONE","SHALL","BE"
".","NO","ONE","SHALL","BE","ARBITRARILY"
"NO","ONE","SHALL","BE","ARBITRARILY","DEPRIVED"
"ONE","SHALL","BE","ARBITRARILY","DEPRIVED","OF"
"SHALL","BE","ARBITRARILY","DEPRIVED","OF","HIS"
"BE","ARBITRARILY","DEPRIVED","OF","HIS","NATIONALITY"
"ARBITRARILY","DEPRIVED","OF","HIS","NATIONALITY","NOR"
"DEPRIVED","OF","HIS","NATIONALITY","NOR","DENIED"
"OF","HIS","NATIONALITY","NOR","DENIED","THE"
"HIS","NATIONALITY","NOR","DENIED","THE","RIGHT"
"NATIONALITY","NOR","DENIED","THE","RIGHT","TO"
"NOR","DENIED","THE","RIGHT","TO","CHANGE"
"DENIED","THE","RIGHT","TO","CHANGE","HIS"
"THE","RIGHT","TO","CHANGE","HIS","NATIONALITY"
"RIGHT","TO","CHANGE","HIS","NATIONALITY","."
"TO","CHANGE","HIS","NATIONALITY",".","ARTICLE"
"CHANGE","HIS","NATIONALITY",".","ARTICLE","n"
"HIS","NATIONALITY",".","ARTICLE","n","MEN"
"NATIONALITY",".","ARTICLE","n","MEN","AND"
".","ARTICLE","n","MEN","AND","WOMEN"
"ARTICLE","n","MEN","AND","WOMEN","OF"
"n","MEN","AND","WOMEN","OF","FULL"
"MEN","AND","WOMEN","OF","FULL","AGE"
"AND","WOMEN","OF","FULL","AGE",","
"WOMEN","OF","FULL","AGE",",","WITHOUT"
"OF","FULL","AGE",",","WITHOUT","ANY"
"FULL","AGE",",","WITHOUT","ANY","LIMITATION"
"AGE",",","WITHOUT","ANY","LIMITATION","DUE"
",","WITHOUT","ANY","LIMITATION","DUE","TO"
"WITHOUT","ANY","LIMITATION","DUE","TO","RACE"
"ANY","LIMITATION","DUE","TO","RACE",","
"LIMITATION","DUE","TO","RACE",",","NATIONALITY"
"DUE","TO","RACE",",","NATIONALITY","OR"
"TO","RACE",",","NATIONALITY","OR","RELIGION"
"RACE",",","NATIONALITY","OR","RELIGION",","
",","NATIONALITY","OR","RELIGION",",","HAVE"
"NATIONALITY","OR","RELIGION",",","HAVE","THE"
"OR","RELIGION",",","HAVE","THE","RIGHT"
"RELIGION",",","HAVE","THE","RIGHT","TO"
",","HAVE","THE","RIGHT","TO","MARRY"
"HAVE","THE","RIGHT","TO","MARRY","AND"
"THE","RIGHT","TO","MARRY","AND","TO"
"RIGHT","TO","MARRY","AND","TO","FOUND"
"TO","MARRY","AND","TO","FOUND","A"
"MARRY","AND","TO","FOUND","A","FAMILY"
"AND","TO","FOUND","A","FAMILY","."
"TO","FOUND","A","FAMILY",".","THEY"
"FOUND","A","FAMILY",".","THEY","ARE"
"A","FAMILY",".","THEY","ARE","ENTITLED"
"FAMILY",".","THEY","ARE","ENTITLED","TO"
".","THEY","ARE","ENTITLED","TO","EQUAL"
"THEY","ARE","ENTITLED","TO","EQUAL","RIGHTS"
"ARE","ENTITLED","TO","EQUAL","RIGHTS","AS"
"ENTITLED","TO","EQUAL","RIGHTS","AS","TO"
"TO","EQUAL","RIGHTS","AS","TO","MARRIAGE"
"EQUAL","RIGHTS","AS","TO","MARRIAGE",","
"RIGHTS","AS","TO","MARRIAGE",",","DURING"
"AS","TO","MARRIAGE",",","DURING","MARRIAGE"
"TO","MARRIAGE",",","DURING","MARRIAGE","AND"
"MARRIAGE",",","DURING","MARRIAGE","AND","AT"
",","DURING","MARRIAGE","AND","AT","ITS"
"DURING","MARRIAGE","AND","AT","ITS","DISSOLUTION"
"MARRIAGE","AND","AT","ITS","DISSOLUTION","."
"AND","AT","ITS","DISSOLUTION",".","MARRIAGE"
"AT","ITS","DISSOLUTION",".","MARRIAGE","SHALL"
"ITS","DISSOLUTION",".","MARRIAGE","SHALL","BE"
"DISSOLUTION",".","MARRIAGE","SHALL","BE","ENTERED"
".","MARRIAGE","SHALL","BE","ENTERED","INTO"
"MARRIAGE","SHALL","BE","ENTERED","INTO","ONLY"
"SHALL","BE","ENTERED","INTO","ONLY","WITH"
"BE","ENTERED","INTO","ONLY","WITH","THE"
"ENTERED","INTO","ONLY","WITH","THE","FREE"
"INTO","ONLY","WITH","THE","FREE","AND"
"ONLY","WITH","THE","FREE","AND","FULL"
"WITH","THE","FREE","AND","FULL","CONSENT"
"THE","FREE","AND","FULL","CONSENT","OF"
"FREE","AND","FULL","CONSENT","OF","THE"
"AND","FULL","CONSENT","OF","THE","INTENDING"
"FULL","CONSENT","OF","THE","INTENDING","SPOUSES"
"CONSENT","OF","THE","INTENDING","SPOUSES","."
"OF","THE","INTENDING","SPOUSES",".","THE"
"THE","INTENDING","SPOUSES",".","THE","FAMILY"
"INTENDING","SPOUSES",".","THE","FAMILY","IS"
"SPOUSES",".","THE","FAMILY","IS","THE"
".","THE","FAMILY","IS","THE","NATURAL"
"THE","FAMILY","IS","THE","NATURAL","AND"
"FAMILY","IS","THE","NATURAL","AND","FUNDAMENTAL"
"IS","THE","NATURAL","AND","FUNDAMENTAL","GROUP"
"THE","NATURAL","AND","FUNDAMENTAL","GROUP","UNIT"
"NATURAL","AND","FUNDAMENTAL","GROUP","UNIT","OF"
"AND","FUNDAMENTAL","GROUP","UNIT","OF","SOCIETY"
"FUNDAMENTAL","GROUP","UNIT","OF","SOCIETY","AND"
"GROUP","UNIT","OF","SOCIETY","AND","IS"
"UNIT","OF","SOCIETY","AND","IS","ENTITLED"
"OF","SOCIETY","AND","IS","ENTITLED","TO"
"SOCIETY","AND","IS","ENTITLED","TO","PROTECTION"
"AND","IS","ENTITLED","TO","PROTECTION","BY"
"IS","ENTITLED","TO","PROTECTION","BY","SOCIETY"
"ENTITLED","TO","PROTECTION","BY","SOCIETY","AND"
"TO","PROTECTION","BY","SOCIETY","AND","THE"
"PROTECTION","BY","SOCIETY","AND","THE","STATE"
"BY","SOCIETY","AND","THE","STATE","."
"SOCIETY","AND","THE","STATE",".","ARTICLE"
"AND","THE","STATE",".","ARTICLE","n"
"THE","STATE",".","ARTICLE","n","EVERYONE"
"STATE",".","ARTICLE","n","EVERYONE","HAS"
".","ARTICLE","n","EVERYONE","HAS","THE"
"ARTICLE","n","EVERYONE","HAS","THE","RIGHT"
"n","EVERYONE","HAS","THE","RIGHT","TO"
"EVERYONE","HAS","THE","RIGHT","TO","OWN"
"HAS","THE","RIGHT","TO","OWN","PROPERTY"
"THE","RIGHT","TO","OWN","PROPERTY","ALONE"
"RIGHT","TO","OWN","PROPERTY","ALONE","AS"
"TO","OWN","PROPERTY","ALONE","AS","WELL"
"OWN","PROPERTY","ALONE","AS","WELL","AS"
"PROPERTY","ALONE","AS","WELL","AS","IN"
"ALONE","AS","WELL","AS","IN","ASSOCIATION"
"AS","WELL","AS","IN","ASSOCIATION","WITH"
"WELL","AS","IN","ASSOCIATION","WITH","OTHERS"
"AS","IN","ASSOCIATION","WITH","OTHERS","."
"IN","ASSOCIATION","WITH","OTHERS",".","NO"
"ASSOCIATION","WITH","OTHERS",".","NO","ONE"
"WITH","OTHERS",".","NO","ONE","SHALL"
"OTHERS",".","NO","ONE","SHALL","BE"
".","NO","ONE","SHALL","BE","ARBITRARILY"
"NO","ONE","SHALL","BE","ARBITRARILY","DEPRIVED"
"ONE","SHALL","BE","ARBITRARILY","DEPRIVED","OF"
"SHALL","BE","ARBITRARILY","DEPRIVED","OF","HIS"
"BE","ARBITRARILY","DEPRIVED","OF","HIS","PROPERTY"
"ARBITRARILY","DEPRIVED","OF","HIS","PROPERTY","."
"DEPRIVED","OF","HIS","PROPERTY",".","ARTICLE"
"OF","HIS","PROPERTY",".","ARTICLE","n"
"HIS","PROPERTY",".","ARTICLE","n","EVERYONE"
"PROPERTY",".","ARTICLE","n","EVERYONE","HAS"
".","ARTICLE","n","EVERYONE","HAS","THE"
"ARTICLE","n","EVERYONE","HAS","THE","RIGHT"
"n","EVERYONE","HAS","THE","RIGHT","TO"
"EVERYONE","HAS","THE","RIGHT","TO","FREEDOM"
"HAS","THE","RIGHT","TO","FREEDOM","OF"
"THE","RIGHT","TO","FREEDOM","OF","THOUGHT"
"RIGHT","TO","FREEDOM","OF","THOUGHT",","
"TO","FREEDOM","OF","THOUGHT",",","CONSCIENCE"
"FREEDOM","OF","THOUGHT",",","CONSCIENCE","AND"
"OF","THOUGHT",",","CONSCIENCE","AND","RELIGION"
"THOUGHT",",","CONSCIENCE","AND","RELIGION",";"
",","CONSCIENCE","AND","RELIGION",";","THIS"
"CONSCIENCE","AND","RELIGION",";","THIS","RIGHT"
"AND","RELIGION",";","THIS","RIGHT","INCLUDES"
"RELIGION",";","THIS","RIGHT","INCLUDES","FREEDOM"
";","THIS","RIGHT","INCLUDES","FREEDOM","TO"
"THIS","RIGHT","INCLUDES","FREEDOM","TO","CHANGE"
"RIGHT","INCLUDES","FREEDOM","TO","CHANGE","HIS"
"INCLUDES","FREEDOM","TO","CHANGE","HIS","RELIGION"
"FREEDOM","TO","CHANGE","HIS","RELIGION","OR"
"TO","CHANGE","HIS","RELIGION","OR","BELIEF"
"CHANGE","HIS","RELIGION","OR","BELIEF",","
"HIS","RELIGION","OR","BELIEF",",","AND"
"RELIGION","OR","BELIEF",",","AND","FREEDOM"
"OR","BELIEF",",","AND","FREEDOM",","
"BELIEF",",","AND","FREEDOM",",","EITHER"
",","AND","FREEDOM",",","EITHER","ALONE"
"AND","FREEDOM",",","EITHER","ALONE","OR"
"FREEDOM",",","EITHER","ALONE","OR","IN"
",","EITHER","ALONE","OR","IN","COMMUNITY"
"EITHER","ALONE","OR","IN","COMMUNITY","WITH"
"ALONE","OR","IN","COMMUNITY","WITH","OTHERS"
"OR","IN","COMMUNITY","WITH","OTHERS","AND"
"IN","COMMUNITY","WITH","OTHERS","AND","IN"
"COMMUNITY","WITH","OTHERS","AND","IN","PUBLIC"
"WITH","OTHERS","AND","IN","PUBLIC","OR"
"OTHERS","AND","IN","PUBLIC","OR","PRIVATE"
"AND","IN","PUBLIC","OR","PRIVATE",","
"IN","PUBLIC","OR","PRIVATE",",","TO"
"PUBLIC","OR","PRIVATE",",","TO","MANIFEST"
"OR","PRIVATE",",","TO","MANIFEST","HIS"
"PRIVATE",",","TO","MANIFEST","HIS","RELIGION"
",","TO","MANIFEST","HIS","RELIGION","OR"
"TO","MANIFEST","HIS","RELIGION","OR","BELIEF"
"MANIFEST","HIS","RELIGION","OR","BELIEF","IN"
"HIS","RELIGION","OR","BELIEF","IN","TEACHING"
"RELIGION","OR","BELIEF","IN","TEACHING",","
"OR","BELIEF","IN","TEACHING",",","PRACTICE"
"BELIEF","IN","TEACHING",",","PRACTICE",","
"IN","TEACHING",",","PRACTICE",",","WORSHIP"
"TEACHING",",","PRACTICE",",","WORSHIP","AND"
",","PRACTICE",",","WORSHIP","AND","OBSERVANCE"
"PRACTICE",",","WORSHIP","AND","OBSERVANCE","."
",","WORSHIP","AND","OBSERVANCE",".","ARTICLE"
"WORSHIP","AND","OBSERVANCE",".","ARTICLE","n"
"AND","OBSERVANCE",".","ARTICLE","n","EVERYONE"
"OBSERVANCE",".","ARTICLE","n","EVERYONE","HAS"
".","ARTICLE","n","EVERYONE","HAS","THE"
"ARTICLE","n","EVERYONE","HAS","THE","RIGHT"
"n","EVERYONE","HAS","THE","RIGHT","TO"
"EVERYONE","HAS","THE","RIGHT","TO","FREEDOM"
"HAS","THE","RIGHT","TO","FREEDOM","OF"
"THE","RIGHT","TO","FREEDOM","OF","OPINION"
"RIGHT","TO","FREEDOM","OF","OPINION","AND"
"TO","FREEDOM","OF","OPINION","AND","EXPRESSION"
"FREEDOM","OF","OPINION","AND","EXPRESSION",";"
"OF","OPINION","AND","EXPRESSION",";","THIS"
"OPINION","AND","EXPRESSION",";","THIS","RIGHT"
"AND","EXPRESSION",";","THIS","RIGHT","INCLUDES"
"EXPRESSION",";","THIS","RIGHT","INCLUDES","FREEDOM"
";","THIS","RIGHT","INCLUDES","FREEDOM","TO"
"THIS","RIGHT","INCLUDES","FREEDOM","TO","HOLD"
"RIGHT","INCLUDES","FREEDOM","TO","HOLD","OPINIONS"
"INCLUDES","FREEDOM","TO","HOLD","OPINIONS","WITHOUT"
"FREEDOM","TO","HOLD","OPINIONS","WITHOUT","INTERFERENCE"
"TO","HOLD","OPINIONS","WITHOUT","INTERFERENCE","AND"
"HOLD","OPINIONS","WITHOUT","INTERFERENCE","AND","TO"
"OPINIONS","WITHOUT","INTERFERENCE","AND","TO","SEEK"
"WITHOUT","INTERFERENCE","AND","TO","SEEK",","
"INTERFERENCE","AND","TO","SEEK",",","RECEIVE"
"AND","TO","SEEK",",","RECEIVE","AND"
"TO","SEEK",",","RECEIVE","AND","IMPART"
"SEEK",",","RECEIVE","AND","IMPART","INFORMATION"
",","RECEIVE","AND","IMPART","INFORMATION","AND"
"RECEIVE","AND","IMPART","INFORMATION","AND","IDEAS"
"AND","IMPART","INFORMATION","AND","IDEAS","THROUGH"
"IMPART","INFORMATION","AND","IDEAS","THROUGH","ANY"
"INFORMATION","AND","IDEAS","THROUGH","ANY","MEDIA"
"AND","IDEAS","THROUGH","ANY","MEDIA","AND"
"IDEAS","THROUGH","ANY","MEDIA","AND","REGARDLESS"
"THROUGH","ANY","MEDIA","AND","REGARDLESS","OF"
"ANY","MEDIA","AND","REGARDLESS","OF","FRONTIERS"
"MEDIA","AND","REGARDLESS","OF","FRONTIERS","."
"AND","REGARDLESS","OF","FRONTIERS",".","ARTICLE"
"REGARDLESS","OF","FRONTIERS",".","ARTICLE","n"
"OF","FRONTIERS",".","ARTICLE","n","EVERYONE"
"FRONTIERS",".","ARTICLE","n","EVERYONE","HAS"
".","ARTICLE","n","EVERYONE","HAS","THE"
"ARTICLE","n","EVERYONE","HAS","THE","RIGHT"
"n","EVERYONE","HAS","THE","RIGHT","TO"
"EVERYONE","HAS","THE","RIGHT","TO","FREEDOM"
"HAS","THE","RIGHT","TO","FREEDOM","OF"
"THE","RIGHT","TO","FREEDOM","OF","PEACEFUL"
"RIGHT","TO","FREEDOM","OF","PEACEFUL","ASSEMBLY"
"TO","FREEDOM","OF","PEACEFUL","ASSEMBLY","AND"
"FREEDOM","OF","PEACEFUL","ASSEMBLY","AND","ASSOCIATION"
"OF","PEACEFUL","ASSEMBLY","AND","ASSOCIATION","."
"PEACEFUL","ASSEMBLY","AND","ASSOCIATION",".","NO"
"ASSEMBLY","AND","ASSOCIATION",".","NO","ONE"
"AND","ASSOCIATION",".","NO","ONE","MAY"
"ASSOCIATION",".","NO","ONE","MAY","BE"
".","NO","ONE","MAY","BE","COMPELLED"
"NO","ONE","MAY","BE","COMPELLED","TO"
"ONE","MAY","BE","COMPELLED","TO","BELONG"
"MAY","BE","COMPELLED","TO","BELONG","TO"
"BE","COMPELLED","TO","BELONG","TO","AN"
"COMPELLED","TO","BELONG","TO","AN","ASSOCIATION"
"TO","BELONG","TO","AN","ASSOCIATION","."
"BELONG","TO","AN","ASSOCIATION",".","ARTICLE"
"TO","AN","ASSOCIATION",".","ARTICLE","n"
"AN","ASSOCIATION",".","ARTICLE","n","EVERYONE"
"ASSOCIATION",".","ARTICLE","n","EVERYONE","HAS"
".","ARTICLE","n","EVERYONE","HAS","THE"
"ARTICLE","n","EVERYONE","HAS","THE","RIGHT"
"n","EVERYONE","HAS","THE","RIGHT","TO"
"EVERYONE","HAS","THE","RIGHT","TO","TAKE"
"HAS","THE","RIGHT","TO","TAKE","PART"
"THE","RIGHT","TO","TAKE","PART","IN"
"RIGHT","TO","TAKE","PART","IN","THE"
"TO","TAKE","PART","IN","THE","GOVERNMENT"
"TAKE","PART","IN","THE","GOVERNMENT","OF"
"PART","IN","THE","GOVERNMENT","OF","HIS"
"IN","THE","GOVERNMENT","OF","HIS","COUNTRY"
"THE","GOVERNMENT","OF","HIS","COUNTRY",","
"GOVERNMENT","OF","HIS","COUNTRY",",","DIRECTLY"
"OF","HIS","COUNTRY",",","DIRECTLY","OR"
"HIS","COUNTRY",",","DIRECTLY","OR","THROUGH"
"COUNTRY",",","DIRECTLY","OR","THROUGH","FREELY"
",","DIRECTLY","OR","THROUGH","FREELY","CHOSEN"
"DIRECTLY","OR","THROUGH","FREELY","CHOSEN","REPRESENTATIVES"
"OR","THROUGH","FREELY","CHOSEN","REPRESENTATIVES","."
"THROUGH","FREELY","CHOSEN","REPRESENTATIVES",".","EVERYONE"
"FREELY","CHOSEN","REPRESENTATIVES",".","EVERYONE","HAS"
"CHOSEN","REPRESENTATIVES",".","EVERYONE","HAS","THE"
"REPRESENTATIVES",".","EVERYONE","HAS","THE","RIGHT"
".","EVERYONE","HAS","THE","RIGHT","OF"
"EVERYONE","HAS","THE","RIGHT","OF","EQUAL"
"HAS","THE","RIGHT","OF","EQUAL","ACCESS"
"THE","RIGHT","OF","EQUAL","ACCESS","TO"
"RIGHT","OF","EQUAL","ACCESS","TO","PUBLIC"
"OF","EQUAL","ACCESS","TO","PUBLIC","SERVICE"
"EQUAL","ACCESS","TO","PUBLIC","SERVICE","IN"
"ACCESS","TO","PUBLIC","SERVICE","IN","HIS"
"TO","PUBLIC","SERVICE","IN","HIS","COUNTRY"
"PUBLIC","SERVICE","IN","HIS","COUNTRY","."
"SERVICE","IN","HIS","COUNTRY",".","THE"
"IN","HIS","COUNTRY",".","THE","WILL"
"HIS","COUNTRY",".","THE","WILL","OF"
"COUNTRY",".","THE","WILL","OF","THE"
".","THE","WILL","OF","THE","PEOPLE"
"THE","WILL","OF","THE","PEOPLE","SHALL"
"WILL","OF","THE","PEOPLE","SHALL","BE"
"OF","THE","PEOPLE","SHALL","BE","THE"
"THE","PEOPLE","SHALL","BE","THE","BASIS"
"PEOPLE","SHALL","BE","THE","BASIS","OF"
"SHALL","BE","THE","BASIS","OF","THE"
"BE","THE","BASIS","OF","THE","AUTHORITY"
"THE","BASIS","OF","THE","AUTHORITY","OF"
"BASIS","OF","THE","AUTHORITY","OF","GOVERNMENT"
"OF","THE","AUTHORITY","OF","GOVERNMENT",";"
"THE","AUTHORITY","OF","GOVERNMENT",";","THIS"
"AUTHORITY","OF","GOVERNMENT",";","THIS","WILL"
"OF","GOVERNMENT",";","THIS","WILL","SHALL"
"GOVERNMENT",";","THIS","WILL","SHALL","BE"
";","THIS","WILL","SHALL","BE","EXPRESSED"
"THIS","WILL","SHALL","BE","EXPRESSED","IN"
"WILL","SHALL","BE","EXPRESSED","IN","PERIODIC"
"SHALL","BE","EXPRESSED","IN","PERIODIC","AND"
"BE","EXPRESSED","IN","PERIODIC","AND","GENUINE"
"EXPRESSED","IN","PERIODIC","AND","GENUINE","ELECTIONS"
"IN","PERIODIC","AND","GENUINE","ELECTIONS","WHICH"
"PERIODIC","AND","GENUINE","ELECTIONS","WHICH","SHALL"
"AND","GENUINE","ELECTIONS","WHICH","SHALL","BE"
"GENUINE","ELECTIONS","WHICH","SHALL","BE","BY"
"ELECTIONS","WHICH","SHALL","BE","BY","UNIVERSAL"
"WHICH","SHALL","BE","BY","UNIVERSAL","AND"
"SHALL","BE","BY","UNIVERSAL","AND","EQUAL"
"BE","BY","UNIVERSAL","AND","EQUAL","SUFFRAGE"
"BY","UNIVERSAL","AND","EQUAL","SUFFRAGE","AND"
"UNIVERSAL","AND","EQUAL","SUFFRAGE","AND","SHALL"
"AND","EQUAL","SUFFRAGE","AND","SHALL","BE"
"EQUAL","SUFFRAGE","AND","SHALL","BE","HELD"
"SUFFRAGE","AND","SHALL","BE","HELD","BY"
"AND","SHALL","BE","HELD","BY","SECRET"
"SHALL","BE","HELD","BY","SECRET","VOTE"
"BE","HELD","BY","SECRET","VOTE","OR"
"HELD","BY","SECRET","VOTE","OR","BY"
"BY","SECRET","VOTE","OR","BY","EQUIVALENT"
"SECRET","VOTE","OR","BY","EQUIVALENT","FREE"
"VOTE","OR","BY","EQUIVALENT","FREE","VOTING"
"OR","BY","EQUIVALENT","FREE","VOTING","PROCEDURES"
"BY","EQUIVALENT","FREE","VOTING","PROCEDURES","."
"EQUIVALENT","FREE","VOTING","PROCEDURES",".","ARTICLE"
"FREE","VOTING","PROCEDURES",".","ARTICLE","n"
"VOTING","PROCEDURES",".","ARTICLE","n","EVERYONE"
"PROCEDURES",".","ARTICLE","n","EVERYONE",","
".","ARTICLE","n","EVERYONE",",","AS"
"ARTICLE","n","EVERYONE",",","AS","A"
"n","EVERYONE",",","AS","A","MEMBER"
"EVERYONE",",","AS","A","MEMBER","OF"
",","AS","A","MEMBER","OF","SOCIETY"
"AS","A","MEMBER","OF","SOCIETY",","
"A","MEMBER","OF","SOCIETY",",","HAS"
"MEMBER","OF","SOCIETY",",","HAS","THE"
"OF","SOCIETY",",","HAS","THE","RIGHT"
"SOCIETY",",","HAS","THE","RIGHT","TO"
",","HAS","THE","RIGHT","TO","SOCIAL"
"HAS","THE","RIGHT","TO","SOCIAL","SECURITY"
"THE","RIGHT","TO","SOCIAL","SECURITY","AND"
"RIGHT","TO","SOCIAL","SECURITY","AND","IS"
"TO","SOCIAL","SECURITY","AND","IS","ENTITLED"
"SOCIAL","SECURITY","AND","IS","ENTITLED","TO"
"SECURITY","AND","IS","ENTITLED","TO","REALIZATION"
"AND","IS","ENTITLED","TO","REALIZATION",","
"IS","ENTITLED","TO","REALIZATION",",","THROUGH"
"ENTITLED","TO","REALIZATION",",","THROUGH","NATIONAL"
"TO","REALIZATION",",","THROUGH","NATIONAL","EFFORT"
"REALIZATION",",","THROUGH","NATIONAL","EFFORT","AND"
",","THROUGH","NATIONAL","EFFORT","AND","INTERNATIONAL"
"THROUGH","NATIONAL","EFFORT","AND","INTERNATIONAL","CO-OPERATION"
"NATIONAL","EFFORT","AND","INTERNATIONAL","CO-OPERATION","AND"
"EFFORT","AND","INTERNATIONAL","CO-OPERATION","AND","IN"
"AND","INTERNATIONAL","CO-OPERATION","AND","IN","ACCORDANCE"
"INTERNATIONAL","CO-OPERATION","AND","IN","ACCORDANCE","WITH"
"CO-OPERATION","AND","IN","ACCORDANCE","WITH","THE"
"AND","IN","ACCORDANCE","WITH","THE","ORGANIZATION"
"IN","ACCORDANCE","WITH","THE","ORGANIZATION","AND"
"ACCORDANCE","WITH","THE","ORGANIZATION","AND","RESOURCES"
"WITH","THE","ORGANIZATION","AND","RESOURCES","OF"
"THE","ORGANIZATION","AND","RESOURCES","OF","EACH"
"ORGANIZATION","AND","RESOURCES","OF","EACH","STATE"
"AND","RESOURCES","OF","EACH","STATE",","
"RESOURCES","OF","EACH","STATE",",","OF"
"OF","EACH","STATE",",","OF","THE"
"EACH","STATE",",","OF","THE","ECONOMIC"
"STATE",",","OF","THE","ECONOMIC",","
",","OF","THE","ECONOMIC",",","SOCIAL"
"OF","THE","ECONOMIC",",","SOCIAL","AND"
"THE","ECONOMIC",",","SOCIAL","AND","CULTURAL"
"ECONOMIC",",","SOCIAL","AND","CULTURAL","RIGHTS"
",","SOCIAL","AND","CULTURAL","RIGHTS","INDISPENSABLE"
"SOCIAL","AND","CULTURAL","RIGHTS","INDISPENSABLE","FOR"
"AND","CULTURAL","RIGHTS","INDISPENSABLE","FOR","HIS"
"CULTURAL","RIGHTS","INDISPENSABLE","FOR","HIS","DIGNITY"
"RIGHTS","INDISPENSABLE","FOR","HIS","DIGNITY","AND"
"INDISPENSABLE","FOR","HIS","DIGNITY","AND","THE"
"FOR","HIS","DIGNITY","AND","THE","FREE"
"HIS","DIGNITY","AND","THE","FREE","DEVELOPMENT"
"DIGNITY","AND","THE","FREE","DEVELOPMENT","OF"
"AND","THE","FREE","DEVELOPMENT","OF","HIS"
"THE","FREE","DEVELOPMENT","OF","HIS","PERSONALITY"
"FREE","DEVELOPMENT","OF","HIS","PERSONALITY","."
"DEVELOPMENT","OF","HIS","PERSONALITY",".","ARTICLE"
"OF","HIS","PERSONALITY",".","ARTICLE","n"
"HIS","PERSONALITY",".","ARTICLE","n","EVERYONE"
"PERSONALITY",".","ARTICLE","n","EVERYONE","HAS"
".","ARTICLE","n","EVERYONE","HAS","THE"
"ARTICLE","n","EVERYONE","HAS","THE","RIGHT"
"n","EVERYONE","HAS","THE","RIGHT","TO"
"EVERYONE","HAS","THE","RIGHT","TO","WORK"
"HAS","THE","RIGHT","TO","WORK",","
"THE","RIGHT","TO","WORK",",","TO"
"RIGHT","TO","WORK",",","TO","FREE"
"TO","WORK",",","TO","FREE","CHOICE"
"WORK",",","TO","FREE","CHOICE","OF"
",","TO","FREE","CHOICE","OF","EMPLOYMENT"
"TO","FREE","CHOICE","OF","EMPLOYMENT",","
"FREE","CHOICE","OF","EMPLOYMENT",",","TO"
"CHOICE","OF","EMPLOYMENT",",","TO","JUST"
"OF","EMPLOYMENT",",","TO","JUST","AND"
"EMPLOYMENT",",","TO","JUST","AND","FAVOURABLE"
",","TO","JUST","AND","FAVOURABLE","CONDITIONS"
"TO","JUST","AND","FAVOURABLE","CONDITIONS","OF"
"JUST","AND","FAVOURABLE","CONDITIONS","OF","WORK"
"AND","FAVOURABLE","CONDITIONS","OF","WORK","AND"
"FAVOURABLE","CONDITIONS","OF","WORK","AND","TO"
"CONDITIONS","OF","WORK","AND","TO","PROTECTION"
"OF","WORK","AND","TO","PROTECTION","AGAINST"
"WORK","AND","TO","PROTECTION","AGAINST","UNEMPLOYMENT"
"AND","TO","PROTECTION","AGAINST","UNEMPLOYMENT","."
"TO","PROTECTION","AGAINST","UNEMPLOYMENT",".","EVERYONE"
"PROTECTION","AGAINST","UNEMPLOYMENT",".","EVERYONE",","
"AGAINST","UNEMPLOYMENT",".","EVERYONE",",","WITHOUT"
"UNEMPLOYMENT",".","EVERYONE",",","WITHOUT","ANY"
".","EVERYONE",",","WITHOUT","ANY","DISCRIMINATION"
"EVERYONE",",","WITHOUT","ANY","DISCRIMINATION",","
",","WITHOUT","ANY","DISCRIMINATION",",","HAS"
"WITHOUT","ANY","DISCRIMINATION",",","HAS","THE"
"ANY","DISCRIMINATION",",","HAS","THE","RIGHT"
"DISCRIMINATION",",","HAS","THE","RIGHT","TO"
",","HAS","THE","RIGHT","TO","EQUAL"
"HAS","THE","RIGHT","TO","EQUAL","PAY"
"THE","RIGHT","TO","EQUAL","PAY","FOR"
"RIGHT","TO","EQUAL","PAY","FOR","EQUAL"
"TO","EQUAL","PAY","FOR","EQUAL","WORK"
"EQUAL","PAY","FOR","EQUAL","WORK","."
"PAY","FOR","EQUAL","WORK",".","EVERYONE"
"FOR","EQUAL","WORK",".","EVERYONE","WHO"
"EQUAL","WORK",".","EVERYONE","WHO","WORKS"
"WORK",".","EVERYONE","WHO","WORKS","HAS"
".","EVERYONE","WHO","WORKS","HAS","THE"
"EVERYONE","WHO","WORKS","HAS","THE","RIGHT"
"WHO","WORKS","HAS","THE","RIGHT","TO"
"WORKS","HAS","THE","RIGHT","TO","JUST"
"HAS","THE","RIGHT","TO","JUST","AND"
"THE","RIGHT","TO","JUST","AND","FAVOURABLE"
"RIGHT","TO","JUST","AND","FAVOURABLE","REMUNERATION"
"TO","JUST","AND","FAVOURABLE","REMUNERATION","ENSURING"
"JUST","AND","FAVOURABLE","REMUNERATION","ENSURING","FOR"
"AND","FAVOURABLE","REMUNERATION","ENSURING","FOR","HIMSELF"
"FAVOURABLE","REMUNERATION","ENSURING","FOR","HIMSELF","AND"
"REMUNERATION","ENSURING","FOR","HIMSELF","AND","HIS"
"ENSURING","FOR","HIMSELF","AND","HIS","FAMILY"
"FOR","HIMSELF","AND","HIS","FAMILY","AN"
"HIMSELF","AND","HIS","FAMILY","AN","EXISTENCE"
"AND","HIS","FAMILY","AN","EXISTENCE","WORTHY"
"HIS","FAMILY","AN","EXISTENCE","WORTHY","OF"
"FAMILY","AN","EXISTENCE","WORTHY","OF","HUMAN"
"AN","EXISTENCE","WORTHY","OF","HUMAN","DIGNITY"
"EXISTENCE","WORTHY","OF","HUMAN","DIGNITY",","
"WORTHY","OF","HUMAN","DIGNITY",",","AND"
"OF","HUMAN","DIGNITY",",","AND","SUPPLEMENTED"
"HUMAN","DIGNITY",",","AND","SUPPLEMENTED",","
"DIGNITY",",","AND","SUPPLEMENTED",",","IF"
",","AND","SUPPLEMENTED",",","IF","NECESSARY"
"AND","SUPPLEMENTED",",","IF","NECESSARY",","
"SUPPLEMENTED",",","IF","NECESSARY",",","BY"
",","IF","NECESSARY",",","BY","OTHER"
"IF","NECESSARY",",","BY","OTHER","MEANS"
"NECESSARY",",","BY","OTHER","MEANS","OF"
",","BY","OTHER","MEANS","OF","SOCIAL"
"BY","OTHER","MEANS","OF","SOCIAL","PROTECTION"
"OTHER","MEANS","OF","SOCIAL","PROTECTION","."
"MEANS","OF","SOCIAL","PROTECTION",".","EVERYONE"
"OF","SOCIAL","PROTECTION",".","EVERYONE","HAS"
"SOCIAL","PROTECTION",".","EVERYONE","HAS","THE"
"PROTECTION",".","EVERYONE","HAS","THE","RIGHT"
".","EVERYONE","HAS","THE","RIGHT","TO"
"EVERYONE","HAS","THE","RIGHT","TO","FORM"
"HAS","THE","RIGHT","TO","FORM","AND"
"THE","RIGHT","TO","FORM","AND","TO"
"RIGHT","TO","FORM","AND","TO","JOIN"
"TO","FORM","AND","TO","JOIN","TRADE"
"FORM","AND","TO","JOIN","TRADE","UNIONS"
"AND","TO","JOIN","TRADE","UNIONS","FOR"
"TO","JOIN","TRADE","UNIONS","FOR","THE"
"JOIN","TRADE","UNIONS","FOR","THE","PROTECTION"
"TRADE","UNIONS","FOR","THE","PROTECTION","OF"
"UNIONS","FOR","THE","PROTECTION","OF","HIS"
"FOR","THE","PROTECTION","OF","HIS","INTERESTS"
"THE","PROTECTION","OF","HIS","INTERESTS","."
"PROTECTION","OF","HIS","INTERESTS",".","ARTICLE"
"OF","HIS","INTERESTS",".","ARTICLE","n"
"HIS","INTERESTS",".","ARTICLE","n","EVERYONE"
"INTERESTS",".","ARTICLE","n","EVERYONE","HAS"
".","ARTICLE","n","EVERYONE","HAS","THE"
"ARTICLE","n","EVERYONE","HAS","THE","RIGHT"
"n","EVERYONE","HAS","THE","RIGHT","TO"
"EVERYONE","HAS","THE","RIGHT","TO","REST"
"HAS","THE","RIGHT","TO","REST","AND"
"THE","RIGHT","TO","REST","AND","LEISURE"
"RIGHT","TO","REST","AND","LEISURE",","
"TO","REST","AND","LEISURE",",","INCLUDING"
"REST","AND","LEISURE",",","INCLUDING","REASONABLE"
"AND","LEISURE",",","INCLUDING","REASONABLE","LIMITATION"
"LEISURE",",","INCLUDING","REASONABLE","LIMITATION","OF"
",","INCLUDING","REASONABLE","LIMITATION","OF","WORKING"
"INCLUDING","REASONABLE","LIMITATION","OF","WORKING","HOURS"
"REASONABLE","LIMITATION","OF","WORKING","HOURS","AND"
"LIMITATION","OF","WORKING","HOURS","AND","PERIODIC"
"OF","WORKING","HOURS","AND","PERIODIC","HOLIDAYS"
"WORKING","HOURS","AND","PERIODIC","HOLIDAYS","WITH"
"HOURS","AND","PERIODIC","HOLIDAYS","WITH","PAY"
"AND","PERIODIC","HOLIDAYS","WITH","PAY","."
"PERIODIC","HOLIDAYS","WITH","PAY",".","ARTICLE"
"HOLIDAYS","WITH","PAY",".","ARTICLE","n"
"WITH","PAY",".","ARTICLE","n","EVERYONE"
"PAY",".","ARTICLE","n","EVERYONE","HAS"
".","ARTICLE","n","EVERYONE","HAS","THE"
"ARTICLE","n","EVERYONE","HAS","THE","RIGHT"
"n","EVERYONE","HAS","THE","RIGHT","TO"
"EVERYONE","HAS","THE","RIGHT","TO","A"
"HAS","THE","RIGHT","TO","A","STANDARD"
"THE","RIGHT","TO","A","STANDARD","OF"
"RIGHT","TO","A","STANDARD","OF","LIVING"
"TO","A","STANDARD","OF","LIVING","ADEQUATE"
"A","STANDARD","OF","LIVING","ADEQUATE","FOR"
"STANDARD","OF","LIVING","ADEQUATE","FOR","THE"
"OF","LIVING","ADEQUATE","FOR","THE","HEALTH"
"LIVING","ADEQUATE","FOR","THE","HEALTH","AND"
"ADEQUATE","FOR","THE","HEALTH","AND","WELL-BEING"
"FOR","THE","HEALTH","AND","WELL-BEING","OF"
"THE","HEALTH","AND","WELL-BEING","OF","HIMSELF"
"HEALTH","AND","WELL-BEING","OF","HIMSELF","AND"
"AND","WELL-BEING","OF","HIMSELF","AND","OF"
"WELL-BEING","OF","HIMSELF","AND","OF","HIS"
"OF","HIMSELF","AND","OF","HIS","FAMILY"
"HIMSELF","AND","OF","HIS","FAMILY",","
"AND","OF","HIS","FAMILY",",","INCLUDING"
"OF","HIS","FAMILY",",","INCLUDING","FOOD"
"HIS","FAMILY",",","INCLUDING","FOOD",","
"FAMILY",",","INCLUDING","FOOD",",","CLOTHING"
",","INCLUDING","FOOD",",","CLOTHING",","
"INCLUDING","FOOD",",","CLOTHING",",","HOUSING"
"FOOD",",","CLOTHING",",","HOUSING","AND"
",","CLOTHING",",","HOUSING","AND","MEDICAL"
"CLOTHING",",","HOUSING","AND","MEDICAL","CARE"
",","HOUSING","AND","MEDICAL","CARE","AND"
"HOUSING","AND","MEDICAL","CARE","AND","NECESSARY"
"AND","MEDICAL","CARE","AND","NECESSARY","SOCIAL"
"MEDICAL","CARE","AND","NECESSARY","SOCIAL","SERVICES"
"CARE","AND","NECESSARY","SOCIAL","SERVICES",","
"AND","NECESSARY","SOCIAL","SERVICES",",","AND"
"NECESSARY","SOCIAL","SERVICES",",","AND","THE"
"SOCIAL","SERVICES",",","AND","THE","RIGHT"
"SERVICES",",","AND","THE","RIGHT","TO"
",","AND","THE","RIGHT","TO","SECURITY"
"AND","THE","RIGHT","TO","SECURITY","IN"
"THE","RIGHT","TO","SECURITY","IN","THE"
"RIGHT","TO","SECURITY","IN","THE","EVENT"
"TO","SECURITY","IN","THE","EVENT","OF"
"SECURITY","IN","THE","EVENT","OF","UNEMPLOYMENT"
"IN","THE","EVENT","OF","UNEMPLOYMENT",","
"THE","EVENT","OF","UNEMPLOYMENT",",","SICKNESS"
"EVENT","OF","UNEMPLOYMENT",",","SICKNESS",","
"OF","UNEMPLOYMENT",",","SICKNESS",",","DISABILITY"
"UNEMPLOYMENT",",","SICKNESS",",","DISABILITY",","
",","SICKNESS",",","DISABILITY",",","WIDOWHOOD"
"SICKNESS",",","DISABILITY",",","WIDOWHOOD",","
",","DISABILITY",",","WIDOWHOOD",",","OLD"
"DISABILITY",",","WIDOWHOOD",",","OLD","AGE"
",","WIDOWHOOD",",","OLD","AGE","OR"
"WIDOWHOOD",",","OLD","AGE","OR","OTHER"
",","OLD","AGE","OR","OTHER","LACK"
"OLD","AGE","OR","OTHER","LACK","OF"
"AGE","OR","OTHER","LACK","OF","LIVELIHOOD"
"OR","OTHER","LACK","OF","LIVELIHOOD","IN"
"OTHER","LACK","OF","LIVELIHOOD","IN","CIRCUMSTANCES"
"LACK","OF","LIVELIHOOD","IN","CIRCUMSTANCES","BEYOND"
"OF","LIVELIHOOD","IN","CIRCUMSTANCES","BEYOND","HIS"
"LIVELIHOOD","IN","CIRCUMSTANCES","BEYOND","HIS","CONTROL"
"IN","CIRCUMSTANCES","BEYOND","HIS","CONTROL","."
"CIRCUMSTANCES","BEYOND","HIS","CONTROL",".","MOTHERHOOD"
"BEYOND","HIS","CONTROL",".","MOTHERHOOD","AND"
"HIS","CONTROL",".","MOTHERHOOD","AND","CHILDHOOD"
"CONTROL",".","MOTHERHOOD","AND","CHILDHOOD","ARE"
".","MOTHERHOOD","AND","CHILDHOOD","ARE","ENTITLED"
"MOTHERHOOD","AND","CHILDHOOD","ARE","ENTITLED","TO"
"AND","CHILDHOOD","ARE","ENTITLED","TO","SPECIAL"
"CHILDHOOD","ARE","ENTITLED","TO","SPECIAL","CARE"
"ARE","ENTITLED","TO","SPECIAL","CARE","AND"
"ENTITLED","TO","SPECIAL","CARE","AND","ASSISTANCE"
"TO","SPECIAL","CARE","AND","ASSISTANCE","."
"SPECIAL","CARE","AND","ASSISTANCE",".","ALL"
"CARE","AND","ASSISTANCE",".","ALL","CHILDREN"
"AND","ASSISTANCE",".","ALL","CHILDREN",","
"ASSISTANCE",".","ALL","CHILDREN",",","WHETHER"
".","ALL","CHILDREN",",","WHETHER","BORN"
"ALL","CHILDREN",",","WHETHER","BORN","IN"
"CHILDREN",",","WHETHER","BORN","IN","OR"
",","WHETHER","BORN","IN","OR","OUT"
"WHETHER","BORN","IN","OR","OUT","OF"
"BORN","IN","OR","OUT","OF","WEDLOCK"
"IN","OR","OUT","OF","WEDLOCK",","
"OR","OUT","OF","WEDLOCK",",","SHALL"
"OUT","OF","WEDLOCK",",","SHALL","ENJOY"
"OF","WEDLOCK",",","SHALL","ENJOY","THE"
"WEDLOCK",",","SHALL","ENJOY","THE","SAME"
",","SHALL","ENJOY","THE","SAME","SOCIAL"
"SHALL","ENJOY","THE","SAME","SOCIAL","PROTECTION"
"ENJOY","THE","SAME","SOCIAL","PROTECTION","."
"THE","SAME","SOCIAL","PROTECTION",".","ARTICLE"
"SAME","SOCIAL","PROTECTION",".","ARTICLE","n"
"SOCIAL","PROTECTION",".","ARTICLE","n","EVERYONE"
"PROTECTION",".","ARTICLE","n","EVERYONE","HAS"
".","ARTICLE","n","EVERYONE","HAS","THE"
"ARTICLE","n","EVERYONE","HAS","THE","RIGHT"
"n","EVERYONE","HAS","THE","RIGHT","TO"
"EVERYONE","HAS","THE","RIGHT","TO","EDUCATION"
"HAS","THE","RIGHT","TO","EDUCATION","."
"THE","RIGHT","TO","EDUCATION",".","EDUCATION"
"RIGHT","TO","EDUCATION",".","EDUCATION","SHALL"
"TO","EDUCATION",".","EDUCATION","SHALL","BE"
"EDUCATION",".","EDUCATION","SHALL","BE","FREE"
".","EDUCATION","SHALL","BE","FREE",","
"EDUCATION","SHALL","BE","FREE",",","AT"
"SHALL","BE","FREE",",","AT","LEAST"
"BE","FREE",",","AT","LEAST","IN"
"FREE",",","AT","LEAST","IN","THE"
",","AT","LEAST","IN","THE","ELEMENTARY"
"AT","LEAST","IN","THE","ELEMENTARY","AND"
"LEAST","IN","THE","ELEMENTARY","AND","FUNDAMENTAL"
"IN","THE","ELEMENTARY","AND","FUNDAMENTAL","STAGES"
"THE","ELEMENTARY","AND","FUNDAMENTAL","STAGES","."
"ELEMENTARY","AND","FUNDAMENTAL","STAGES",".","ELEMENTARY"
"AND","FUNDAMENTAL","STAGES",".","ELEMENTARY","EDUCATION"
"FUNDAMENTAL","STAGES",".","ELEMENTARY","EDUCATION","SHALL"
"STAGES",".","ELEMENTARY","EDUCATION","SHALL","BE"
".","ELEMENTARY","EDUCATION","SHALL","BE","COMPULSORY"
"ELEMENTARY","EDUCATION","SHALL","BE","COMPULSORY","."
"EDUCATION","SHALL","BE","COMPULSORY",".","TECHNICAL"
"SHALL","BE","COMPULSORY",".","TECHNICAL","AND"
"BE","COMPULSORY",".","TECHNICAL","AND","PROFESSIONAL"
"COMPULSORY",".","TECHNICAL","AND","PROFESSIONAL","EDUCATION"
".","TECHNICAL","AND","PROFESSIONAL","EDUCATION","SHALL"
"TECHNICAL","AND","PROFESSIONAL","EDUCATION","SHALL","BE"
"AND","PROFESSIONAL","EDUCATION","SHALL","BE","MADE"
"PROFESSIONAL","EDUCATION","SHALL","BE","MADE","GENERALLY"
"EDUCATION","SHALL","BE","MADE","GENERALLY","AVAILABLE"
"SHALL","BE","MADE","GENERALLY","AVAILABLE","AND"
"BE","MADE","GENERALLY","AVAILABLE","AND","HIGHER"
"MADE","GENERALLY","AVAILABLE","AND","HIGHER","EDUCATION"
"GENERALLY","AVAILABLE","AND","HIGHER","EDUCATION","SHALL"
"AVAILABLE","AND","HIGHER","EDUCATION","SHALL","BE"
"AND","HIGHER","EDUCATION","SHALL","BE","EQUALLY"
"HIGHER","EDUCATION","SHALL","BE","EQUALLY","ACCESSIBLE"
"EDUCATION","SHALL","BE","EQUALLY","ACCESSIBLE","TO"
"SHALL","BE","EQUALLY","ACCESSIBLE","TO","ALL"
"BE","EQUALLY","ACCESSIBLE","TO","ALL","ON"
"EQUALLY","ACCESSIBLE","TO","ALL","ON","THE"
"ACCESSIBLE","TO","ALL","ON","THE","BASIS"
"TO","ALL","ON","THE","BASIS","OF"
"ALL","ON","THE","BASIS","OF","MERIT"
"ON","THE","BASIS","OF","MERIT","."
"THE","BASIS","OF","MERIT",".","EDUCATION"
"BASIS","OF","MERIT",".","EDUCATION","SHALL"
"OF","MERIT",".","EDUCATION","SHALL","BE"
"MERIT",".","EDUCATION","SHALL","BE","DIRECTED"
".","EDUCATION","SHALL","BE","DIRECTED","TO"
"EDUCATION","SHALL","BE","DIRECTED","TO","THE"
"SHALL","BE","DIRECTED","TO","THE","FULL"
"BE","DIRECTED","TO","THE","FULL","DEVELOPMENT"
"DIRECTED","TO","THE","FULL","DEVELOPMENT","OF"
"TO","THE","FULL","DEVELOPMENT","OF","THE"
"THE","FULL","DEVELOPMENT","OF","THE","HUMAN"
"FULL","DEVELOPMENT","OF","THE","HUMAN","PERSONALITY"
"DEVELOPMENT","OF","THE","HUMAN","PERSONALITY","AND"
"OF","THE","HUMAN","PERSONALITY","AND","TO"
"THE","HUMAN","PERSONALITY","AND","TO","THE"
"HUMAN","PERSONALITY","AND","TO","THE","STRENGTHENING"
"PERSONALITY","AND","TO","THE","STRENGTHENING","OF"
"AND","TO","THE","STRENGTHENING","OF","RESPECT"
"TO","THE","STRENGTHENING","OF","RESPECT","FOR"
"THE","STRENGTHENING","OF","RESPECT","FOR","HUMAN"
"STRENGTHENING","OF","RESPECT","FOR","HUMAN","RIGHTS"
"OF","RESPECT","FOR","HUMAN","RIGHTS","AND"
"RESPECT","FOR","HUMAN","RIGHTS","AND","FUNDAMENTAL"
"FOR","HUMAN","RIGHTS","AND","FUNDAMENTAL","FREEDOMS"
"HUMAN","RIGHTS","AND","FUNDAMENTAL","FREEDOMS","."
"RIGHTS","AND","FUNDAMENTAL","FREEDOMS",".","IT"
"AND","FUNDAMENTAL","FREEDOMS",".","IT","SHALL"
"FUNDAMENTAL","FREEDOMS",".","IT","SHALL","PROMOTE"
"FREEDOMS",".","IT","SHALL","PROMOTE","UNDERSTANDING"
".","IT","SHALL","PROMOTE","UNDERSTANDING",","
"IT","SHALL","PROMOTE","UNDERSTANDING",",","TOLERANCE"
"SHALL","PROMOTE","UNDERSTANDING",",","TOLERANCE","AND"
"PROMOTE","UNDERSTANDING",",","TOLERANCE","AND","FRIENDSHIP"
"UNDERSTANDING",",","TOLERANCE","AND","FRIENDSHIP","AMONG"
",","TOLERANCE","AND","FRIENDSHIP","AMONG","ALL"
"TOLERANCE","AND","FRIENDSHIP","AMONG","ALL","NATIONS"
"AND","FRIENDSHIP","AMONG","ALL","NATIONS",","
"FRIENDSHIP","AMONG","ALL","NATIONS",",","RACIAL"
"AMONG","ALL","NATIONS",",","RACIAL","OR"
"ALL","NATIONS",",","RACIAL","OR","RELIGIOUS"
"NATIONS",",","RACIAL","OR","RELIGIOUS","GROUPS"
",","RACIAL","OR","RELIGIOUS","GROUPS",","
"RACIAL","OR","RELIGIOUS","GROUPS",",","AND"
"OR","RELIGIOUS","GROUPS",",","AND","SHALL"
"RELIGIOUS","GROUPS",",","AND","SHALL","FURTHER"
"GROUPS",",","AND","SHALL","FURTHER","THE"
",","AND","SHALL","FURTHER","THE","ACTIVITIES"
"AND","SHALL","FURTHER","THE","ACTIVITIES","OF"
"SHALL","FURTHER","THE","ACTIVITIES","OF","THE"
"FURTHER","THE","ACTIVITIES","OF","THE","UNITED"
"THE","ACTIVITIES","OF","THE","UNITED","NATIONS"
"ACTIVITIES","OF","THE","UNITED","NATIONS","FOR"
"OF","THE","UNITED","NATIONS","FOR","THE"
"THE","UNITED","NATIONS","FOR","THE","MAINTENANCE"
"UNITED","NATIONS","FOR","THE","MAINTENANCE","OF"
"NATIONS","FOR","THE","MAINTENANCE","OF","PEACE"
"FOR","THE","MAINTENANCE","OF","PEACE","."
"THE","MAINTENANCE","OF","PEACE",".","PARENTS"
"MAINTENANCE","OF","PEACE",".","PARENTS","HAVE"
"OF","PEACE",".","PARENTS","HAVE","A"
"PEACE",".","PARENTS","HAVE","A","PRIOR"
".","PARENTS","HAVE","A","PRIOR","RIGHT"
"PARENTS","HAVE","A","PRIOR","RIGHT","TO"
"HAVE","A","PRIOR","RIGHT","TO","CHOOSE"
"A","PRIOR","RIGHT","TO","CHOOSE","THE"
"PRIOR","RIGHT","TO","CHOOSE","THE","KIND"
"RIGHT","TO","CHOOSE","THE","KIND","OF"
"TO","CHOOSE","THE","KIND","OF","EDUCATION"
"CHOOSE","THE","KIND","OF","EDUCATION","THAT"
"THE","KIND","OF","EDUCATION","THAT","SHALL"
"KIND","OF","EDUCATION","THAT","SHALL","BE"
"OF","EDUCATION","THAT","SHALL","BE","GIVEN"
"EDUCATION","THAT","SHALL","BE","GIVEN","TO"
"THAT","SHALL","BE","GIVEN","TO","THEIR"
"SHALL","BE","GIVEN","TO","THEIR","CHILDREN"
"BE","GIVEN","TO","THEIR","CHILDREN","."
"GIVEN","TO","THEIR","CHILDREN",".","ARTICLE"
"TO","THEIR","CHILDREN",".","ARTICLE","n"
"THEIR","CHILDREN",".","ARTICLE","n","EVERYONE"
"CHILDREN",".","ARTICLE","n","EVERYONE","HAS"
".","ARTICLE","n","EVERYONE","HAS","THE"
"ARTICLE","n","EVERYONE","HAS","THE","RIGHT"
"n","EVERYONE","HAS","THE","RIGHT","FREELY"
"EVERYONE","HAS","THE","RIGHT","FREELY","TO"
"HAS","THE","RIGHT","FREELY","TO","PARTICIPATE"
"THE","RIGHT","FREELY","TO","PARTICIPATE","IN"
"RIGHT","FREELY","TO","PARTICIPATE","IN","THE"
"FREELY","TO","PARTICIPATE","IN","THE","CULTURAL"
"TO","PARTICIPATE","IN","THE","CULTURAL","LIFE"
"PARTICIPATE","IN","THE","CULTURAL","LIFE","OF"
"IN","THE","CULTURAL","LIFE","OF","THE"
"THE","CULTURAL","LIFE","OF","THE","COMMUNITY"
"CULTURAL","LIFE","OF","THE","COMMUNITY",","
"LIFE","OF","THE","COMMUNITY",",","TO"
"OF","THE","COMMUNITY",",","TO","ENJOY"
"THE","COMMUNITY",",","TO","ENJOY","THE"
"COMMUNITY",",","TO","ENJOY","THE","ARTS"
",","TO","ENJOY","THE","ARTS","AND"
"TO","ENJOY","THE","ARTS","AND","TO"
"ENJOY","THE","ARTS","AND","TO","SHARE"
"THE","ARTS","AND","TO","SHARE","IN"
"ARTS","AND","TO","SHARE","IN","SCIENTIFIC"
"AND","TO","SHARE","IN","SCIENTIFIC","ADVANCEMENT"
"TO","SHARE","IN","SCIENTIFIC","ADVANCEMENT","AND"
"SHARE","IN","SCIENTIFIC","ADVANCEMENT","AND","ITS"
"IN","SCIENTIFIC","ADVANCEMENT","AND","ITS","BENEFITS"
"SCIENTIFIC","ADVANCEMENT","AND","ITS","BENEFITS","."
"ADVANCEMENT","AND","ITS","BENEFITS",".","EVERYONE"
"AND","ITS","BENEFITS",".","EVERYONE","HAS"
"ITS","BENEFITS",".","EVERYONE","HAS","THE"
"BENEFITS",".","EVERYONE","HAS","THE","RIGHT"
".","EVERYONE","HAS","THE","RIGHT","TO"
"EVERYONE","HAS","THE","RIGHT","TO","THE"
"HAS","THE","RIGHT","TO","THE","PROTECTION"
"THE","RIGHT","TO","THE","PROTECTION","OF"
"RIGHT","TO","THE","PROTECTION","OF","THE"
"TO","THE","PROTECTION","OF","THE","MORAL"
"THE","PROTECTION","OF","THE","MORAL","AND"
"PROTECTION","OF","THE","MORAL","AND","MATERIAL"
"OF","THE","MORAL","AND","MATERIAL","INTERESTS"
"THE","MORAL","AND","MATERIAL","INTERESTS","RESULTING"
"MORAL","AND","MATERIAL","INTERESTS","RESULTING","FROM"
"AND","MATERIAL","INTERESTS","RESULTING","FROM","ANY"
"MATERIAL","INTERESTS","RESULTING","FROM","ANY","SCIENTIFIC"
"INTERESTS","RESULTING","FROM","ANY","SCIENTIFIC",","
"RESULTING","FROM","ANY","SCIENTIFIC",",","LITERARY"
"FROM","ANY","SCIENTIFIC",",","LITERARY","OR"
"ANY","SCIENTIFIC",",","LITERARY","OR","ARTISTIC"
"SCIENTIFIC",",","LITERARY","OR","ARTISTIC","PRODUCTION"
",","LITERARY","OR","ARTISTIC","PRODUCTION","OF"
"LITERARY","OR","ARTISTIC","PRODUCTION","OF","WHICH"
"OR","ARTISTIC","PRODUCTION","OF","WHICH","HE"
"ARTISTIC","PRODUCTION","OF","WHICH","HE","IS"
"PRODUCTION","OF","WHICH","HE","IS","THE"
"OF","WHICH","HE","IS","THE","AUTHOR"
"WHICH","HE","IS","THE","AUTHOR","."
"HE","IS","THE","AUTHOR",".","ARTICLE"
"IS","THE","AUTHOR",".","ARTICLE","n"
"THE","AUTHOR",".","ARTICLE","n","EVERYONE"
"AUTHOR",".","ARTICLE","n","EVERYONE","IS"
".","ARTICLE","n","EVERYONE","IS","ENTITLED"
"ARTICLE","n","EVERYONE","IS","ENTITLED","TO"
"n","EVERYONE","IS","ENTITLED","TO","A"
"EVERYONE","IS","ENTITLED","TO","A","SOCIAL"
"IS","ENTITLED","TO","A","SOCIAL","AND"
"ENTITLED","TO","A","SOCIAL","AND","INTERNATIONAL"
"TO","A","SOCIAL","AND","INTERNATIONAL","ORDER"
"A","SOCIAL","AND","INTERNATIONAL","ORDER","IN"
"SOCIAL","AND","INTERNATIONAL","ORDER","IN","WHICH"
"AND","INTERNATIONAL","ORDER","IN","WHICH","THE"
"INTERNATIONAL","ORDER","IN","WHICH","THE","RIGHTS"
"ORDER","IN","WHICH","THE","RIGHTS","AND"
"IN","WHICH","THE","RIGHTS","AND","FREEDOMS"
"WHICH","THE","RIGHTS","AND","FREEDOMS","SET"
"THE","RIGHTS","AND","FREEDOMS","SET","FORTH"
"RIGHTS","AND","FREEDOMS","SET","FORTH","IN"
"AND","FREEDOMS","SET","FORTH","IN","THIS"
"FREEDOMS","SET","FORTH","IN","THIS","DECLARATION"
"SET","FORTH","IN","THIS","DECLARATION","CAN"
"FORTH","IN","THIS","DECLARATION","CAN","BE"
"IN","THIS","DECLARATION","CAN","BE","FULLY"
"THIS","DECLARATION","CAN","BE","FULLY","REALIZED"
"DECLARATION","CAN","BE","FULLY","REALIZED","."
"CAN","BE","FULLY","REALIZED",".","ARTICLE"
"BE","FULLY","REALIZED",".","ARTICLE","n"
"FULLY","REALIZED",".","ARTICLE","n","EVERYONE"
"REALIZED",".","ARTICLE","n","EVERYONE","HAS"
".","ARTICLE","n","EVERYONE","HAS","DUTIES"
"ARTICLE","n","EVERYONE","HAS","DUTIES","TO"
"n","EVERYONE","HAS","DUTIES","TO","THE"
"EVERYONE","HAS","DUTIES","TO","THE","COMMUNITY"
"HAS","DUTIES","TO","THE","COMMUNITY","IN"
"DUTIES","TO","THE","COMMUNITY","IN","WHICH"
"TO","THE","COMMUNITY","IN","WHICH","ALONE"
"THE","COMMUNITY","IN","WHICH","ALONE","THE"
"COMMUNITY","IN","WHICH","ALONE","THE","FREE"
"IN","WHICH","ALONE","THE","FREE","AND"
"WHICH","ALONE","THE","FREE","AND","FULL"
"ALONE","THE","FREE","AND","FULL","DEVELOPMENT"
"THE","FREE","AND","FULL","DEVELOPMENT","OF"
"FREE","AND","FULL","DEVELOPMENT","OF","HIS"
"AND","FULL","DEVELOPMENT","OF","HIS","PERSONALITY"
"FULL","DEVELOPMENT","OF","HIS","PERSONALITY","IS"
"DEVELOPMENT","OF","HIS","PERSONALITY","IS","POSSIBLE"
"OF","HIS","PERSONALITY","IS","POSSIBLE","."
"HIS","PERSONALITY","IS","POSSIBLE",".","IN"
"PERSONALITY","IS","POSSIBLE",".","IN","THE"
"IS","POSSIBLE",".","IN","THE","EXERCISE"
"POSSIBLE",".","IN","THE","EXERCISE","OF"
".","IN","THE","EXERCISE","OF","HIS"
"IN","THE","EXERCISE","OF","HIS","RIGHTS"
"THE","EXERCISE","OF","HIS","RIGHTS","AND"
"EXERCISE","OF","HIS","RIGHTS","AND","FREEDOMS"
"OF","HIS","RIGHTS","AND","FREEDOMS",","
"HIS","RIGHTS","AND","FREEDOMS",",","EVERYONE"
"RIGHTS","AND","FREEDOMS",",","EVERYONE","SHALL"
"AND","FREEDOMS",",","EVERYONE","SHALL","BE"
"FREEDOMS",",","EVERYONE","SHALL","BE","SUBJECT"
",","EVERYONE","SHALL","BE","SUBJECT","ONLY"
"EVERYONE","SHALL","BE","SUBJECT","ONLY","TO"
"SHALL","BE","SUBJECT","ONLY","TO","SUCH"
"BE","SUBJECT","ONLY","TO","SUCH","LIMITATIONS"
"SUBJECT","ONLY","TO","SUCH","LIMITATIONS","AS"
"ONLY","TO","SUCH","LIMITATIONS","AS","ARE"
"TO","SUCH","LIMITATIONS","AS","ARE","DETERMINED"
"SUCH","LIMITATIONS","AS","ARE","DETERMINED","BY"
"LIMITATIONS","AS","ARE","DETERMINED","BY","LAW"
"AS","ARE","DETERMINED","BY","LAW","SOLELY"
"ARE","DETERMINED","BY","LAW","SOLELY","FOR"
"DETERMINED","BY","LAW","SOLELY","FOR","THE"
"BY","LAW","SOLELY","FOR","THE","PURPOSE"
"LAW","SOLELY","FOR","THE","PURPOSE","OF"
"SOLELY","FOR","THE","PURPOSE","OF","SECURING"
"FOR","THE","PURPOSE","OF","SECURING","DUE"
"THE","PURPOSE","OF","SECURING","DUE","RECOGNITION"
"PURPOSE","OF","SECURING","DUE","RECOGNITION","AND"
"OF","SECURING","DUE","RECOGNITION","AND","RESPECT"
"SECURING","DUE","RECOGNITION","AND","RESPECT","FOR"
"DUE","RECOGNITION","AND","RESPECT","FOR","THE"
"RECOGNITION","AND","RESPECT","FOR","THE","RIGHTS"
"AND","RESPECT","FOR","THE","RIGHTS","AND"
"RESPECT","FOR","THE","RIGHTS","AND","FREEDOMS"
"FOR","THE","RIGHTS","AND","FREEDOMS","OF"
"THE","RIGHTS","AND","FREEDOMS","OF","OTHERS"
"RIGHTS","AND","FREEDOMS","OF","OTHERS","AND"
"AND","FREEDOMS","OF","OTHERS","AND","OF"
"FREEDOMS","OF","OTHERS","AND","OF","MEETING"
"OF","OTHERS","AND","OF","MEETING","THE"
"OTHERS","AND","OF","MEETING","THE","JUST"
"AND","OF","MEETING","THE","JUST","REQUIREMENTS"
"OF","MEETING","THE","JUST","REQUIREMENTS","OF"
"MEETING","THE","JUST","REQUIREMENTS","OF","MORALITY"
"THE","JUST","REQUIREMENTS","OF","MORALITY",","
"JUST","REQUIREMENTS","OF","MORALITY",",","PUBLIC"
"REQUIREMENTS","OF","MORALITY",",","PUBLIC","ORDER"
"OF","MORALITY",",","PUBLIC","ORDER","AND"
"MORALITY",",","PUBLIC","ORDER","AND","THE"
",","PUBLIC","ORDER","AND","THE","GENERAL"
"PUBLIC","ORDER","AND","THE","GENERAL","WELFARE"
"ORDER","AND","THE","GENERAL","WELFARE","IN"
"AND","THE","GENERAL","WELFARE","IN","A"
"THE","GENERAL","WELFARE","IN","A","DEMOCRATIC"
"GENERAL","WELFARE","IN","A","DEMOCRATIC","SOCIETY"
"WELFARE","IN","A","DEMOCRATIC","SOCIETY","."
"IN","A","DEMOCRATIC","SOCIETY",".","THESE"
"A","DEMOCRATIC","SOCIETY",".","THESE","RIGHTS"
"DEMOCRATIC","SOCIETY",".","THESE","RIGHTS","AND"
"SOCIETY",".","THESE","RIGHTS","AND","FREEDOMS"
".","THESE","RIGHTS","AND","FREEDOMS","MAY"
"THESE","RIGHTS","AND","FREEDOMS","MAY","IN"
"RIGHTS","AND","FREEDOMS","MAY","IN","NO"
"AND","FREEDOMS","MAY","IN","NO","CASE"
"FREEDOMS","MAY","IN","NO","CASE","BE"
"MAY","IN","NO","CASE","BE","EXERCISED"
"IN","NO","CASE","BE","EXERCISED","CONTRARY"
"NO","CASE","BE","EXERCISED","CONTRARY","TO"
"CASE","BE","EXERCISED","CONTRARY","TO","THE"
"BE","EXERCISED","CONTRARY","TO","THE","PURPOSES"
"EXERCISED","CONTRARY","TO","THE","PURPOSES","AND"
"CONTRARY","TO","THE","PURPOSES","AND","PRINCIPLES"
"TO","THE","PURPOSES","AND","PRINCIPLES","OF"
"THE","PURPOSES","AND","PRINCIPLES","OF","THE"
"PURPOSES","AND","PRINCIPLES","OF","THE","UNITED"
"AND","PRINCIPLES","OF","THE","UNITED","NATIONS"
"PRINCIPLES","OF","THE","UNITED","NATIONS","."
"OF","THE","UNITED","NATIONS",".","ARTICLE"
"THE","UNITED","NATIONS",".","ARTICLE","n"
"UNITED","NATIONS",".","ARTICLE","n","NOTHING"
"NATIONS",".","ARTICLE","n","NOTHING","IN"
".","ARTICLE","n","NOTHING","IN","THIS"
"ARTICLE","n","NOTHING","IN","THIS","DECLARATION"
"n","NOTHING","IN","THIS","DECLARATION","MAY"
"NOTHING","IN","THIS","DECLARATION","MAY","BE"
"IN","THIS","DECLARATION","MAY","BE","INTERPRETED"
"THIS","DECLARATION","MAY","BE","INTERPRETED","AS"
"DECLARATION","MAY","BE","INTERPRETED","AS","IMPLYING"
"MAY","BE","INTERPRETED","AS","IMPLYING","FOR"
"BE","INTERPRETED","AS","IMPLYING","FOR","ANY"
"INTERPRETED","AS","IMPLYING","FOR","ANY","STATE"
"AS","IMPLYING","FOR","ANY","STATE",","
"IMPLYING","FOR","ANY","STATE",",","GROUP"
"FOR","ANY","STATE",",","GROUP","OR"
"ANY","STATE",",","GROUP","OR","PERSON"
"STATE",",","GROUP","OR","PERSON","ANY"
",","GROUP","OR","PERSON","ANY","RIGHT"
"GROUP","OR","PERSON","ANY","RIGHT","TO"
"OR","PERSON","ANY","RIGHT","TO","ENGAGE"
"PERSON","ANY","RIGHT","TO","ENGAGE","IN"
"ANY","RIGHT","TO","ENGAGE","IN","ANY"
"RIGHT","TO","ENGAGE","IN","ANY","ACTIVITY"
"TO","ENGAGE","IN","ANY","ACTIVITY","OR"
"ENGAGE","IN","ANY","ACTIVITY","OR","TO"
"IN","ANY","ACTIVITY","OR","TO","PERFORM"
"ANY","ACTIVITY","OR","TO","PERFORM","ANY"
"ACTIVITY","OR","TO","PERFORM","ANY","ACT"
"OR","TO","PERFORM","ANY","ACT","AIMED"
"TO","PERFORM","ANY","ACT","AIMED","AT"
"PERFORM","ANY","ACT","AIMED","AT","THE"
"ANY","ACT","AIMED","AT","THE","DESTRUCTION"
"ACT","AIMED","AT","THE","DESTRUCTION","OF"
"AIMED","AT","THE","DESTRUCTION","OF","ANY"
"AT","THE","DESTRUCTION","OF","ANY","OF"
"THE","DESTRUCTION","OF","ANY","OF","THE"
"DESTRUCTION","OF","ANY","OF","THE","RIGHTS"
"OF","ANY","OF","THE","RIGHTS","AND"
"ANY","OF","THE","RIGHTS","AND","FREEDOMS"
"OF","THE","RIGHTS","AND","FREEDOMS","SET"
"THE","RIGHTS","AND","FREEDOMS","SET","FORTH"
"RIGHTS","AND","FREEDOMS","SET","FORTH","HEREIN"
"AND","FREEDOMS","SET","FORTH","HEREIN","."
