"word1","word2","word3"
"UNIVERSAL","DECLARATION","OF"
"DECLARATION","OF","HUMAN"
"OF","HUMAN","RIGHTS"
"HUMAN","RIGHTS","PREAMBLE"
"RIGHTS","PREAMBLE","WHEREAS"
"PREAMBLE","WHEREAS","RECOGNITION"
"WHEREAS","RECOGNITION","OF"
"RECOGNITION","OF","THE"
"OF","THE","INHERENT"
"THE","INHERENT","DIGNITY"
"INHERENT","DIGNITY","AND"
"DIGNITY","AND","OF"
"AND","OF","THE"
"OF","THE","EQUAL"
"THE","EQUAL","AND"
"EQUAL","AND","INALIENABLE"
"AND","INALIENABLE","RIGHTS"
"INALIENABLE","RIGHTS","OF"
"RIGHTS","OF","ALL"
"OF","ALL","MEMBERS"
"ALL","MEMBERS","OF"
"MEMBERS","OF","THE"
"OF","THE","HUMAN"
"THE","HUMAN","FAMILY"
"HUMAN","FAMILY","IS"
"FAMILY","IS","THE"
"IS","THE","FOUNDATION"
"THE","FOUNDATION","OF"
"FOUNDATION","OF","FREEDOM"
"OF","FREEDOM",","
"FREEDOM",",","JUSTICE"
",","JUSTICE","AND"
"JUSTICE","AND","PEACE"
"AND","PEACE","IN"
"PEACE","IN","THE"
"IN","THE","WORLD"
"THE","WORLD",","
"WORLD",",","WHEREAS"
",","WHEREAS","DISREGARD"
"WHEREAS","DISREGARD","AND"
"DISREGARD","AND","CONTEMPT"
"AND","CONTEMPT","FOR"
"CONTEMPT","FOR","HUMAN"
"FOR","HUMAN","RIGHTS"
"HUMAN","RIGHTS","HAVE"
"RIGHTS","HAVE","RESULTED"
"HAVE","RESULTED","IN"
"RESULTED","IN","BARBAROUS"
"IN","BARBAROUS","ACTS"
"BARBAROUS","ACTS","WHICH"
"ACTS","WHICH","HAVE"
"WHICH","HAVE","OUTRAGED"
"HAVE","OUTRAGED","THE"
"OUTRAGED","THE","CONSCIENCE"
"THE","CONSCIENCE","OF"
"CONSCIENCE","OF","MANKIND"
"OF","MANKIND",","
"MANKIND",",","AND"
",","AND","THE"
"AND","THE","ADVENT"
"THE","ADVENT","OF"
"ADVENT","OF","A"
"OF","A","WORLD"
"A","WORLD","IN"
"WORLD","IN","WHICH"
"IN","WHICH","HUMAN"
"WHICH","HUMAN","BEINGS"
"HUMAN","BEINGS","SHALL"
"BEINGS","SHALL","ENJOY"
"SHALL","ENJOY","FREEDOM"
"ENJOY","FREEDOM","OF"
"FREEDOM","OF","SPEECH"
"OF","SPEECH","AND"
"SPEECH","AND","BELIEF"
"AND","BELIEF","AND"
"BELIEF","AND","FREEDOM"
"AND","FREEDOM","FROM"
"FREEDOM","FROM","FEAR"
"FROM","FEAR","AND"
"FEAR","AND","WANT"
"AND","WANT","HAS"
"WANT","HAS","BEEN"
"HAS","BEEN","PROCLAIMED"
"BEEN","PROCLAIMED","AS"
"PROCLAIMED","AS","THE"
"AS","THE","HIGHEST"
"THE","HIGHEST","ASPIRATION"
"HIGHEST","ASPIRATION","OF"
"ASPIRATION","OF","THE"
"OF","THE","COMMON"
"THE","COMMON","PEOPLE"
"COMMON","PEOPLE",","
"PEOPLE",",","WHEREAS"
",","WHEREAS","IT"
"WHEREAS","IT","IS"
"IT","IS","ESSENTIAL"
"IS","ESSENTIAL",","
"ESSENTIAL",",","IF"
",","IF","MAN"
"IF","MAN","IS"
"MAN","IS","NOT"
"IS","NOT","TO"
"NOT","TO","BE"
"TO","BE","COMPELLED"
"BE","COMPELLED","TO"
"COMPELLED","TO","HAVE"
"TO","HAVE","RECOURSE"
"HAVE","RECOURSE",","
"RECOURSE",",","AS"
",","AS","A"
"AS","A","LAST"
"A","LAST","RESORT"
"LAST","RESORT",","
"RESORT",",","TO"
",","TO","REBELLION"
"TO","REBELLION","AGAINST"
"REBELLION","AGAINST","TYRANNY"
"AGAINST","TYRANNY","AND"
"TYRANNY","AND","OPPRESSION"
"AND","OPPRESSION",","
"OPPRESSION",",","THAT"
",","THAT","HUMAN"
"THAT","HUMAN","RIGHTS"
"HUMAN","RIGHTS","SHOULD"
"RIGHTS","SHOULD","BE"
"SHOULD","BE","PROTECTED"
"BE","PROTECTED","BY"
"PROTECTED","BY","THE"
"BY","THE","RULE"
"THE","RULE","OF"
"RULE","OF","LAW"
"OF","LAW",","
"LAW",",","WHEREAS"
",","WHEREAS","IT"
"WHEREAS","IT","IS"
"IT","IS","ESSENTIAL"
"IS","ESSENTIAL","TO"
"ESSENTIAL","TO","PROMOTE"
"TO","PROMOTE","THE"
"PROMOTE","THE","DEVELOPMENT"
"THE","DEVELOPMENT","OF"
"DEVELOPMENT","OF","FRIENDLY"
"OF","FRIENDLY","RELATIONS"
"FRIENDLY","RELATIONS","BETWEEN"
"RELATIONS","BETWEEN","NATIONS"
"BETWEEN","NATIONS",","
"NATIONS",",","WHEREAS"
",","WHEREAS","THE"
"WHEREAS","THE","PEOPLES"
"THE","PEOPLES","OF"
"PEOPLES","OF","THE"
"OF","THE","UNITED"
"THE","UNITED","NATIONS"
"UNITED","NATIONS","HAVE"
"NATIONS","HAVE","IN"
"HAVE","IN","THE"
"IN","THE","CHARTER"
"THE","CHARTER","REAFFIRMED"
"CHARTER","REAFFIRMED","THEIR"
"REAFFIRMED","THEIR","FAITH"
"THEIR","FAITH","IN"
"FAITH","IN","FUNDAMENTAL"
"IN","FUNDAMENTAL","HUMAN"
"FUNDAMENTAL","HUMAN","RIGHTS"
"HUMAN","RIGHTS",","
"RIGHTS",",","IN"
",","IN","THE"
"IN","THE","DIGNITY"
"THE","DIGNITY","AND"
"DIGNITY","AND","WORTH"
"AND","WORTH","OF"
"WORTH","OF","THE"
"OF","THE","HUMAN"
"THE","HUMAN","PERSON"
"HUMAN","PERSON","AND"
"PERSON","AND","IN"
"AND","IN","THE"
"IN","THE","EQUAL"
"THE","EQUAL","RIGHTS"
"EQUAL","RIGHTS","OF"
"RIGHTS","OF","MEN"
"OF","MEN","AND"
"MEN","AND","WOMEN"
"AND","WOMEN","AND"
"WOMEN","AND","HAVE"
"AND","HAVE","DETERMINED"
"HAVE","DETERMINED","TO"
"DETERMINED","TO","PROMOTE"
"TO","PROMOTE","SOCIAL"
"PROMOTE","SOCIAL","PROGRESS"
"SOCIAL","PROGRESS","AND"
"PROGRESS","AND","BETTER"
"AND","BETTER","STANDARDS"
"BETTER","STANDARDS","OF"
"STANDARDS","OF","LIFE"
"OF","LIFE","IN"
"LIFE","IN","LARGER"
"IN","LARGER","FREEDOM"
"LARGER","FREEDOM",","
"FREEDOM",",","WHEREAS"
",","WHEREAS","MEMBER"
"WHEREAS","MEMBER","STATES"
"MEMBER","STATES","HAVE"
"STATES","HAVE","PLEDGED"
"HAVE","PLEDGED","THEMSELVES"
"PLEDGED","THEMSELVES","TO"
"THEMSELVES","TO","ACHIEVE"
"TO","ACHIEVE",","
"ACHIEVE",",","IN"
",","IN","CO-OPERATION"
"IN","CO-OPERATION","WITH"
"CO-OPERATION","WITH","THE"
"WITH","THE","UNITED"
"THE","UNITED","NATIONS"
"UNITED","NATIONS",","
"NATIONS",",","THE"
",","THE","PROMOTION"
"THE","PROMOTION","OF"
"PROMOTION","OF","UNIVERSAL"
"OF","UNIVERSAL","RESPECT"
"UNIVERSAL","RESPECT","FOR"
"RESPECT","FOR","AND"
"FOR","AND","OBSERVANCE"
"AND","OBSERVANCE","OF"
"OBSERVANCE","OF","HUMAN"
"OF","HUMAN","RIGHTS"
"HUMAN","RIGHTS","AND"
"RIGHTS","AND","FUNDAMENTAL"
"AND","FUNDAMENTAL","FREEDOMS"
"FUNDAMENTAL","FREEDOMS",","
"FREEDOMS",",","WHEREAS"
",","WHEREAS","A"
"WHEREAS","A","COMMON"
"A","COMMON","UNDERSTANDING"
"COMMON","UNDERSTANDING","OF"
"UNDERSTANDING","OF","THESE"
"OF","THESE","RIGHTS"
"THESE","RIGHTS","AND"
"RIGHTS","AND","FREEDOMS"
"AND","FREEDOMS","IS"
"FREEDOMS","IS","OF"
"IS","OF","THE"
"OF","THE","GREATEST"
"THE","GREATEST","IMPORTANCE"
"GREATEST","IMPORTANCE","FOR"
"IMPORTANCE","FOR","THE"
"FOR","THE","FULL"
"THE","FULL","REALIZATION"
"FULL","REALIZATION","OF"
"REALIZATION","OF","THIS"
"OF","THIS","PLEDGE"
"THIS","PLEDGE",","
"PLEDGE",",","NOW"
",","NOW",","
"NOW",",","THEREFORE"
",","THEREFORE",","
"THEREFORE",",","THE"
",","THE","GENERAL"
"THE","GENERAL","ASSEMBLY"
"GENERAL","ASSEMBLY","PROCLAIMS"
"ASSEMBLY","PROCLAIMS","THIS"
"PROCLAIMS","THIS","UNIVERSAL"
"THIS","UNIVERSAL","DECLARATION"
"UNIVERSAL","DECLARATION","OF"
"DECLARATION","OF","HUMAN"
"OF","HUMAN","RIGHTS"
"HUMAN","RIGHTS","AS"
"RIGHTS","AS","A"
"AS","A","COMMON"
"A","COMMON","STANDARD"
"COMMON","STANDARD","OF"
"STANDARD","OF","ACHIEVEMENT"
"OF","ACHIEVEMENT","FOR"
"ACHIEVEMENT","FOR","ALL"
"FOR","ALL","PEOPLES"
"ALL","PEOPLES","AND"
"PEOPLES","AND","ALL"
"AND","ALL","NATIONS"
"ALL","NATIONS",","
"NATIONS",",","TO"
",","TO","THE"
"TO","THE","END"
"THE","END","THAT"
"END","THAT","EVERY"
"THAT","EVERY","INDIVIDUAL"
"EVERY","INDIVIDUAL","AND"
"INDIVIDUAL","AND","EVERY"
"AND","EVERY","ORGAN"
"EVERY","ORGAN","OF"
"ORGAN","OF","SOCIETY"
"OF","SOCIETY",","
"SOCIETY",",","KEEPING"
",","KEEPING","THIS"
"KEEPING","THIS","DECLARATION"
"THIS","DECLARATION","CONSTANTLY"
"DECLARATION","CONSTANTLY","IN"
"CONSTANTLY","IN","MIND"
"IN","MIND",","
"MIND",",","SHALL"
",","SHALL","STRIVE"
"SHALL","STRIVE","BY"
"STRIVE","BY","TEACHING"
"BY","TEACHING","AND"
"TEACHING","AND","EDUCATION"
"AND","EDUCATION","TO"
"EDUCATION","TO","PROMOTE"
"TO","PROMOTE","RESPECT"
"PROMOTE","RESPECT","FOR"
"RESPECT","FOR","THESE"
"FOR","THESE","RIGHTS"
"THESE","RIGHTS","AND"
"RIGHTS","AND","FREEDOMS"
"AND","FREEDOMS","AND"
"FREEDOMS","AND","BY"
"AND","BY","PROGRESSIVE"
"BY","PROGRESSIVE","MEASURES"
"PROGRESSIVE","MEASURES",","
"MEASURES",",","NATIONAL"
",","NATIONAL","AND"
"NATIONAL","AND","INTERNATIONAL"
"AND","INTERNATIONAL",","
"INTERNATIONAL",",","TO"
",","TO","SECURE"
"TO","SECURE","THEIR"
"SECURE","THEIR","UNIVERSAL"
"THEIR","UNIVERSAL","AND"
"UNIVERSAL","AND","EFFECTIVE"
"AND","EFFECTIVE","RECOGNITION"
"EFFECTIVE","RECOGNITION","AND"
"RECOGNITION","AND","OBSERVANCE"
"AND","OBSERVANCE",","
"OBSERVANCE",",","BOTH"
",","BOTH","AMONG"
"BOTH","AMONG","THE"
"AMONG","THE","PEOPLES"
"THE","PEOPLES","OF"
"PEOPLES","OF","MEMBER"
"OF","MEMBER","STATES"
"MEMBER","STATES","THEMSELVES"
"STATES","THEMSELVES","AND"
"THEMSELVES","AND","AMONG"
"AND","AMONG","THE"
"AMONG","THE","PEOPLES"
"THE","PEOPLES","OF"
"PEOPLES","OF","TERRITORIES"
"OF","TERRITORIES","UNDER"
"TERRITORIES","UNDER","THEIR"
"UNDER","THEIR","JURISDICTION"
"THEIR","JURISDICTION","."
"JURISDICTION",".","ARTICLE"
".","ARTICLE","n"
"ARTICLE","n","ALL"
"n","ALL","HUMAN"
"ALL","HUMAN","BEINGS"
"HUMAN","BEINGS","ARE"
"BEINGS","ARE","BORN"
"ARE","BORN","FREE"
"BORN","FREE","AND"
"FREE","AND","EQUAL"
"AND","EQUAL","IN"
"EQUAL","IN","DIGNITY"
"IN","DIGNITY","AND"
"DIGNITY","AND","RIGHTS"
"AND","RIGHTS","."
"RIGHTS",".","THEY"
".","THEY","ARE"
"THEY","ARE","ENDOWED"
"ARE","ENDOWED","WITH"
"ENDOWED","WITH","REASON"
"WITH","REASON","AND"
"REASON","AND","CONSCIENCE"
"AND","CONSCIENCE","AND"
"CONSCIENCE","AND","SHOULD"
"AND","SHOULD","ACT"
"SHOULD","ACT","TOWARDS"
"ACT","TOWARDS","ONE"
"TOWARDS","ONE","ANOTHER"
"ONE","ANOTHER","IN"
"ANOTHER","IN","A"
"IN","A","SPIRIT"
"A","SPIRIT","OF"
"SPIRIT","OF","BROTHERHOOD"
"OF","BROTHERHOOD","."
"BROTHERHOOD",".","ARTICLE"
".","ARTICLE","n"
"ARTICLE","n","EVERYONE"
"n","EVERYONE","IS"
"EVERYONE","IS","ENTITLED"
"IS","ENTITLED","TO"
"ENTITLED","TO","ALL"
"TO","ALL","THE"
"ALL","THE","RIGHTS"
"THE","RIGHTS","AND"
"RIGHTS","AND","FREEDOMS"
"AND","FREEDOMS","SET"
"FREEDOMS","SET","FORTH"
"SET","FORTH","IN"
"FORTH","IN","THIS"
"IN","THIS","DECLARATION"
"THIS","DECLARATION",","
"DECLARATION",",","WITHOUT"
",","WITHOUT","DISTINCTION"
"WITHOUT","DISTINCTION","OF"
"DISTINCTION","OF","ANY"
"OF","ANY","KIND"
"ANY","KIND",","
"KIND",",","SUCH"
",","SUCH","AS"
"SUCH","AS","RACE"
"AS","RACE",","
"RACE",",","COLOUR"
",","COLOUR",","
"COLOUR",",","SEX"
",","SEX",","
"SEX",",","LANGUAGE"
",","LANGUAGE",","
"LANGUAGE",",","RELIGION"
",","RELIGION",","
"RELIGION",",","POLITICAL"
",","POLITICAL","OR"
"POLITICAL","OR","OTHER"
"OR","OTHER","OPINION"
"OTHER","OPINION",","
"OPINION",",","NATIONAL"
",","NATIONAL","OR"
"NATIONAL","OR","SOCIAL"
"OR","SOCIAL","ORIGIN"
"SOCIAL","ORIGIN",","
"ORIGIN",",","PROPERTY"
",","PROPERTY",","
"PROPERTY",",","BIRTH"
",","BIRTH","OR"
"BIRTH","OR","OTHER"
"OR","OTHER","STATUS"
"OTHER","STATUS","."
"STATUS",".","FURTHERMORE"
".","FURTHERMORE",","
"FURTHERMORE",",","NO"
",","NO","DISTINCTION"
"NO","DISTINCTION","SHALL"
"DISTINCTION","SHALL","BE"
"SHALL","BE","MADE"
"BE","MADE","ON"
"MADE","ON","THE"
"ON","THE","BASIS"
"THE","BASIS","OF"
"BASIS","OF","THE"
"OF","THE","POLITICAL"
"THE","POLITICAL",","
"POLITICAL",",","JURISDICTIONAL"
",","JURISDICTIONAL","OR"
"JURISDICTIONAL","OR","INTERNATIONAL"
"OR","INTERNATIONAL","STATUS"
"INTERNATIONAL","STATUS","OF"
"STATUS","OF","THE"
"OF","THE","COUNTRY"
"THE","COUNTRY","OR"
"COUNTRY","OR","TERRITORY"
"OR","TERRITORY","TO"
"TERRITORY","TO","WHICH"
"TO","WHICH","A"
"WHICH","A","PERSON"
"A","PERSON","BELONGS"
"PERSON","BELONGS",","
"BELONGS",",","WHETHER"
",","WHETHER","IT"
"WHETHER","IT","BE"
"IT","BE","INDEPENDENT"
"BE","INDEPENDENT",","
"INDEPENDENT",",","TRUST"
",","TRUST",","
"TRUST",",","NON-SELF-GOVERNING"
",","NON-SELF-GOVERNING","OR"
"NON-SELF-GOVERNING","OR","UNDER"
"OR","UNDER","ANY"
"UNDER","ANY","OTHER"
"ANY","OTHER","LIMITATION"
"OTHER","LIMITATION","OF"
"LIMITATION","OF","SOVEREIGNTY"
"OF","SOVEREIGNTY","."
"SOVEREIGNTY",".","ARTICLE"
".","ARTICLE","n"
"ARTICLE","n","EVERYONE"
"n","EVERYONE","HAS"
"EVERYONE","HAS","THE"
"HAS","THE","RIGHT"
"THE","RIGHT","TO"
"RIGHT","TO","LIFE"
"TO","LIFE",","
"LIFE",",","LIBERTY"
",","LIBERTY","AND"
"LIBERTY","AND","THE"
"AND","THE","SECURITY"
"THE","SECURITY","OF"
"SECURITY","OF","PERSON"
"OF","PERSON","."
"PERSON",".","ARTICLE"
".","ARTICLE","n"
"ARTICLE","n","NO"
"n","NO","ONE"
"NO","ONE","SHALL"
"ONE","SHALL","BE"
"SHALL","BE","HELD"
"BE","HELD","IN"
"HELD","IN","SLAVERY"
"IN","SLAVERY","OR"
"SLAVERY","OR","SERVITUDE"
"OR","SERVITUDE",";"
"SERVITUDE",";","SLAVERY"
";","SLAVERY","AND"
"SLAVERY","AND","THE"
"AND","THE","SLAVE"
"THE","SLAVE","TRADE"
"SLAVE","TRADE","SHALL"
"TRADE","SHALL","BE"
"SHALL","BE","PROHIBITED"
"BE","PROHIBITED","IN"
"PROHIBITED","IN","ALL"
"IN","ALL","THEIR"
"ALL","THEIR","FORMS"
"THEIR","FORMS","."
"FORMS",".","ARTICLE"
".","ARTICLE","n"
"ARTICLE","n","NO"
"n","NO","ONE"
"NO","ONE","SHALL"
"ONE","SHALL","BE"
"SHALL","BE","SUBJECTED"
"BE","SUBJECTED","TO"
"SUBJECTED","TO","TORTURE"
"TO","TORTURE","OR"
"TORTURE","OR","TO"
"OR","TO","CRUEL"
"TO","CRUEL",","
"CRUEL",",","INHUMAN"
",","INHUMAN","OR"
"INHUMAN","OR","DEGRADING"
"OR","DEGRADING","TREATMENT"
"DEGRADING","TREATMENT","OR"
"TREATMENT","OR","PUNISHMENT"
"OR","PUNISHMENT","."
"PUNISHMENT",".","ARTICLE"
".","ARTICLE","n"
"ARTICLE","n","EVERYONE"
"n","EVERYONE","HAS"
"EVERYONE","HAS","THE"
"HAS","THE","RIGHT"
"THE","RIGHT","TO"
"RIGHT","TO","RECOGNITION"
"TO","RECOGNITION","EVERYWHERE"
"RECOGNITION","EVERYWHERE","AS"
"EVERYWHERE","AS","A"
"AS","A","PERSON"
"A","PERSON","BEFORE"
"PERSON","BEFORE","THE"
"BEFORE","THE","LAW"
"THE","LAW","."
"LAW",".","ARTICLE"
".","ARTICLE","n"
"ARTICLE","n","ALL"
"n","ALL","ARE"
"ALL","ARE","EQUAL"
"ARE","EQUAL","BEFORE"
"EQUAL","BEFORE","THE"
"BEFORE","THE","LAW"
"THE","LAW","AND"
"LAW","AND","ARE"
"AND","ARE","ENTITLED"
"ARE","ENTITLED","WITHOUT"
"ENTITLED","WITHOUT","ANY"
"WITHOUT","ANY","DISCRIMINATION"
"ANY","DISCRIMINATION","TO"
"DISCRIMINATION","TO","EQUAL"
"TO","EQUAL","PROTECTION"
"EQUAL","PROTECTION","OF"
"PROTECTION","OF","THE"
"OF","THE","LAW"
"THE","LAW","."
"LAW",".","ALL"
".","ALL","ARE"
"ALL","ARE","ENTITLED"
"ARE","ENTITLED","TO"
"ENTITLED","TO","EQUAL"
"TO","EQUAL","PROTECTION"
"EQUAL","PROTECTION","AGAINST"
"PROTECTION","AGAINST","ANY"
"AGAINST","ANY","DISCRIMINATION"
"ANY","DISCRIMINATION","IN"
"DISCRIMINATION","IN","VIOLATION"
"IN","VIOLATION","OF"
"VIOLATION","OF","THIS"
"OF","THIS","DECLARATION"
"THIS","DECLARATION","AND"
"DECLARATION","AND","AGAINST"
"AND","AGAINST","ANY"
"AGAINST","ANY","INCITEMENT"
"ANY","INCITEMENT","TO"
"INCITEMENT","TO","SUCH"
"TO","SUCH","DISCRIMINATION"
"SUCH","DISCRIMINATION","."
"DISCRIMINATION",".","ARTICLE"
".","ARTICLE","n"
"ARTICLE","n","EVERYONE"
"n","EVERYONE","HAS"
"EVERYONE","HAS","THE"
"HAS","THE","RIGHT"
"THE","RIGHT","TO"
"RIGHT","TO","AN"
"TO","AN","EFFECTIVE"
"AN","EFFECTIVE","REMEDY"
"EFFECTIVE","REMEDY","BY"
"REMEDY","BY","THE"
"BY","THE","COMPETENT"
"THE","COMPETENT","NATIONAL"
"COMPETENT","NATIONAL","TRIBUNALS"
"NATIONAL","TRIBUNALS","FOR"
"TRIBUNALS","FOR","ACTS"
"FOR","ACTS","VIOLATING"
"ACTS","VIOLATING","THE"
"VIOLATING","THE","FUNDAMENTAL"
"THE","FUNDAMENTAL","RIGHTS"
"FUNDAMENTAL","RIGHTS","GRANTED"
"RIGHTS","GRANTED","HIM"
"GRANTED","HIM","BY"
"HIM","BY","THE"
"BY","THE","CONSTITUTION"
"THE","CONSTITUTION","OR"
"CONSTITUTION","OR","BY"
"OR","BY","LAW"
"BY","LAW","."
"LAW",".","ARTICLE"
".","ARTICLE","n"
"ARTICLE","n","NO"
"n","NO","ONE"
"NO","ONE","SHALL"
"ONE","SHALL","BE"
"SHALL","BE","SUBJECTED"
"BE","SUBJECTED","TO"
"SUBJECTED","TO","ARBITRARY"
"TO","ARBITRARY","ARREST"
"ARBITRARY","ARREST",","
"ARREST",",","DETENTION"
",","DETENTION","OR"
"DETENTION","OR","EXILE"
"OR","EXILE","."
"EXILE",".","ARTICLE"
".","ARTICLE","nn"
"ARTICLE","nn","EVERYONE"
"nn","EVERYONE","IS"
"EVERYONE","IS","ENTITLED"
"IS","ENTITLED","IN"
"ENTITLED","IN","FULL"
"IN","FULL","EQUALITY"
"FULL","EQUALITY","TO"
"EQUALITY","TO","A"
"TO","A","FAIR"
"A","FAIR","AND"
"FAIR","AND","PUBLIC"
"AND","PUBLIC","HEARING"
"PUBLIC","HEARING","BY"
"HEARING","BY","AN"
"BY","AN","INDEPENDENT"
"AN","INDEPENDENT","AND"
"INDEPENDENT","AND","IMPARTIAL"
"AND","IMPARTIAL","TRIBUNAL"
"IMPARTIAL","TRIBUNAL",","
"TRIBUNAL",",","IN"
",","IN","THE"
"IN","THE","DETERMINATION"
"THE","DETERMINATION","OF"
"DETERMINATION","OF","HIS"
"OF","HIS","RIGHTS"
"HIS","RIGHTS","AND"
"RIGHTS","AND","OBLIGATIONS"
"AND","OBLIGATIONS","AND"
"OBLIGATIONS","AND","OF"
"AND","OF","ANY"
"OF","ANY","CRIMINAL"
"ANY","CRIMINAL","CHARGE"
"CRIMINAL","CHARGE","AGAINST"
"CHARGE","AGAINST","HIM"
"AGAINST","HIM","."
"HIM",".","ARTICLE"
".","ARTICLE","nn"
"ARTICLE","nn","EVERYONE"
"nn","EVERYONE","CHARGED"
"EVERYONE","CHARGED","WITH"
"CHARGED","WITH","A"
"WITH","A","PENAL"
"A","PENAL","OFFENCE"
"PENAL","OFFENCE","HAS"
"OFFENCE","HAS","THE"
"HAS","THE","RIGHT"
"THE","RIGHT","TO"
"RIGHT","TO","BE"
"TO","BE","PRESUMED"
"BE","PRESUMED","INNOCENT"
"PRESUMED","INNOCENT","UNTIL"
"INNOCENT","UNTIL","PROVED"
"UNTIL","PROVED","GUILTY"
"PROVED","GUILTY","ACCORDING"
"GUILTY","ACCORDING","TO"
"ACCORDING","TO","LAW"
"TO","LAW","IN"
"LAW","IN","A"
"IN","A","PUBLIC"
"A","PUBLIC","TRIAL"
"PUBLIC","TRIAL","AT"
"TRIAL","AT","WHICH"
"AT","WHICH","HE"
"WHICH","HE","HAS"
"HE","HAS","HAD"
"HAS","HAD","ALL"
"HAD","ALL","THE"
"ALL","THE","GUARANTEES"
"THE","GUARANTEES","NECESSARY"
"GUARANTEES","NECESSARY","FOR"
"NECESSARY","FOR","HIS"
"FOR","HIS","DEFENCE"
"HIS","DEFENCE","."
"DEFENCE",".","NO"
".","NO","ONE"
"NO","ONE","SHALL"
"ONE","SHALL","BE"
"SHALL","BE","HELD"
"BE","HELD","GUILTY"
"HELD","GUILTY","OF"
"GUILTY","OF","ANY"
"OF","ANY","PENAL"
"ANY","PENAL","OFFENCE"
"PENAL","OFFENCE","ON"
"OFFENCE","ON","ACCOUNT"
"ON","ACCOUNT","OF"
"ACCOUNT","OF","ANY"
"OF","ANY","ACT"
"ANY","ACT","OR"
"ACT","OR","OMISSION"
"OR","OMISSION","WHICH"
"OMISSION","WHICH","DID"
"WHICH","DID","NOT"
"DID","NOT","CONSTITUTE"
"NOT","CONSTITUTE","A"
"CONSTITUTE","A","PENAL"
"A","PENAL","OFFENCE"
"PENAL","OFFENCE",","
"OFFENCE",",","UNDER"
",","UNDER","NATIONAL"
"UNDER","NATIONAL","OR"
"NATIONAL","OR","INTERNATIONAL"
"OR","INTERNATIONAL","LAW"
"INTERNATIONAL","LAW",","
"LAW",",","AT"
",","AT","THE"
"AT","THE","TIME"
"THE","TIME","WHEN"
"TIME","WHEN","IT"
"WHEN","IT","WAS"
"IT","WAS","COMMITTED"
"WAS","COMMITTED","."
"COMMITTED",".","NOR"
".","NOR","SHALL"
"NOR","SHALL","A"
"SHALL","A","HEAVIER"
"A","HEAVIER","PENALTY"
"HEAVIER","PENALTY","BE"
"PENALTY","BE","IMPOSED"
"BE","IMPOSED","THAN"
"IMPOSED","THAN","THE"
"THAN","THE","ONE"
"THE","ONE","THAT"
"ONE","THAT","WAS"
"THAT","WAS","APPLICABLE"
"WAS","APPLICABLE","AT"
"APPLICABLE","AT","THE"
"AT","THE","TIME"
"THE","TIME","THE"
"TIME","THE","PENAL"
"THE","PENAL","OFFENCE"
"PENAL","OFFENCE","WAS"
"OFFENCE","WAS","COMMITTED"
"WAS","COMMITTED","."
"COMMITTED",".","ARTICLE"
".","ARTICLE","nn"
"ARTICLE","nn","NO"
"nn","NO","ONE"
"NO","ONE","SHALL"
"ONE","SHALL","BE"
"SHALL","BE","SUBJECTED"
"BE","SUBJECTED","TO"
"SUBJECTED","TO","ARBITRARY"
"TO","ARBITRARY","INTERFERENCE"
"ARBITRARY","INTERFERENCE","WITH"
"INTERFERENCE","WITH","HIS"
"WITH","HIS","PRIVACY"
"HIS","PRIVACY",","
"PRIVACY",",","FAMILY"
",","FAMILY",","
"FAMILY",",","HOME"
",","HOME","OR"
"HOME","OR","CORRESPONDENCE"
"OR","CORRESPONDENCE",","
"CORRESPONDENCE",",","NOR"
",","NOR","TO"
"NOR","TO","ATTACKS"
"TO","ATTACKS","UPON"
"ATTACKS","UPON","HIS"
"UPON","HIS","HONOUR"
"HIS","HONOUR","AND"
"HONOUR","AND","REPUTATION"
"AND","REPUTATION","."
"REPUTATION",".","EVERYONE"
".","EVERYONE","HAS"
"EVERYONE","HAS","THE"
"HAS","THE","RIGHT"
"THE","RIGHT","TO"
"RIGHT","TO","THE"
"TO","THE","PROTECTION"
"THE","PROTECTION","OF"
"PROTECTION","OF","THE"
"OF","THE","LAW"
"THE","LAW","AGAINST"
"LAW","AGAINST","SUCH"
"AGAINST","SUCH","INTERFERENCE"
"SUCH","INTERFERENCE","OR"
"INTERFERENCE","OR","ATTACKS"
"OR","ATTACKS","."
"ATTACKS",".","ARTICLE"
".","ARTICLE","nn"
"ARTICLE","nn","EVERYONE"
"nn","EVERYONE","HAS"
"EVERYONE","HAS","THE"
"HAS","THE","RIGHT"
"THE","RIGHT","TO"
"RIGHT","TO","FREEDOM"
"TO","FREEDOM","OF"
"FREEDOM","OF","MOVEMENT"
"OF","MOVEMENT","AND"
"MOVEMENT","AND","RESIDENCE"
"AND","RESIDENCE","WITHIN"
"RESIDENCE","WITHIN","THE"
"WITHIN","THE","BORDERS"
"THE","BORDERS","OF"
"BORDERS","OF","EACH"
"OF","EACH","STATE"
"EACH","STATE","."
"STATE",".","EVERYONE"
".","EVERYONE","HAS"
"EVERYONE","HAS","THE"
"HAS","THE","RIGHT"
"THE","RIGHT","TO"
"RIGHT","TO","LEAVE"
"TO","LEAVE","ANY"
"LEAVE","ANY","COUNTRY"
"ANY","COUNTRY",","
"COUNTRY",",","INCLUDING"
",","INCLUDING","HIS"
"INCLUDING","HIS","OWN"
"HIS","OWN",","
"OWN",",","AND"
",","AND","TO"
"AND","TO","RETURN"
"TO","RETURN","TO"
"RETURN","TO","HIS"
"TO","HIS","COUNTRY"
"HIS","COUNTRY","."
"COUNTRY",".","ARTICLE"
".","ARTICLE","nn"
"ARTICLE","nn","EVERYONE"
"nn","EVERYONE","HAS"
"EVERYONE","HAS","THE"
"HAS","THE","RIGHT"
"THE","RIGHT","TO"
"RIGHT","TO","SEEK"
"TO","SEEK","AND"
"SEEK","AND","TO"
"AND","TO","ENJOY"
"TO","ENJOY","IN"
"ENJOY","IN","OTHER"
"IN","OTHER","COUNTRIES"
"OTHER","COUNTRIES","ASYLUM"
"COUNTRIES","ASYLUM","FROM"
"ASYLUM","FROM","PERSECUTION"
"FROM","PERSECUTION","."
"PERSECUTION",".","THIS"
".","THIS","RIGHT"
"THIS","RIGHT","MAY"
"RIGHT","MAY","NOT"
"MAY","NOT","BE"
"NOT","BE","INVOKED"
"BE","INVOKED","IN"
"INVOKED","IN","THE"
"IN","THE","CASE"
"THE","CASE","OF"
"CASE","OF","PROSECUTIONS"
"OF","PROSECUTIONS","GENUINELY"
"PROSECUTIONS","GENUINELY","ARISING"
"GENUINELY","ARISING","FROM"
"ARISING","FROM","NON-POLITICAL"
"FROM","NON-POLITICAL","CRIMES"
"NON-POLITICAL","CRIMES","OR"
"CRIMES","OR","FROM"
"OR","FROM","ACTS"
"FROM","ACTS","CONTRARY"
"ACTS","CONTRARY","TO"
"CONTRARY","TO","THE"
"TO","THE","PURPOSES"
"THE","PURPOSES","AND"
"PURPOSES","AND","PRINCIPLES"
"AND","PRINCIPLES","OF"
"PRINCIPLES","OF","THE"
"OF","THE","UNITED"
"THE","UNITED","NATIONS"
"UNITED","NATIONS","."
"NATIONS",".","ARTICLE"
".","ARTICLE","nn"
"ARTICLE","nn","EVERYONE"
"nn","EVERYONE","HAS"
"EVERYONE","HAS","THE"
"HAS","THE","RIGHT"
"THE","RIGHT","TO"
"RIGHT","TO","A"
"TO","A","NATIONALITY"
"A","NATIONALITY","."
"NATIONALITY",".","NO"
".","NO","ONE"
"NO","ONE","SHALL"
"ONE","SHALL","BE"
"SHALL","BE","ARBITRARILY"
"BE","ARBITRARILY","DEPRIVED"
"ARBITRARILY","DEPRIVED","OF"
"DEPRIVED","OF","HIS"
"OF","HIS","NATIONALITY"
"HIS","NATIONALITY","NOR"
"NATIONALITY","NOR","DENIED"
"NOR","DENIED","THE"
"DENIED","THE","RIGHT"
"THE","RIGHT","TO"
"RIGHT","TO","CHANGE"
"TO","CHANGE","HIS"
"CHANGE","HIS","NATIONALITY"
"HIS","NATIONALITY","."
"NATIONALITY",".","ARTICLE"
".","ARTICLE","nn"
"ARTICLE","nn","MEN"
"nn","MEN","AND"
"MEN","AND","WOMEN"
"AND","WOMEN","OF"
"WOMEN","OF","FULL"
"OF","FULL","AGE"
"FULL","AGE",","
"AGE",",","WITHOUT"
",","WITHOUT","ANY"
"WITHOUT","ANY","LIMITATION"
"ANY","LIMITATION","DUE"
"LIMITATION","DUE","TO"
"DUE","TO","RACE"
"TO","RACE",","
"RACE",",","NATIONALITY"
",","NATIONALITY","OR"
"NATIONALITY","OR","RELIGION"
"OR","RELIGION",","
"RELIGION",",","HAVE"
",","HAVE","THE"
"HAVE","THE","RIGHT"
"THE","RIGHT","TO"
"RIGHT","TO","MARRY"
"TO","MARRY","AND"
"MARRY","AND","TO"
"AND","TO","FOUND"
"TO","FOUND","A"
"FOUND","A","FAMILY"
"A","FAMILY","."
"FAMILY",".","THEY"
".","THEY","ARE"
"THEY","ARE","ENTITLED"
"ARE","ENTITLED","TO"
"ENTITLED","TO","EQUAL"
"TO","EQUAL","RIGHTS"
"EQUAL","RIGHTS","AS"
"RIGHTS","AS","TO"
"AS","TO","MARRIAGE"
"TO","MARRIAGE",","
"MARRIAGE",",","DURING"
",","DURING","MARRIAGE"
"DURING","MARRIAGE","AND"
"MARRIAGE","AND","AT"
"AND","AT","ITS"
"AT","ITS","DISSOLUTION"
"ITS","DISSOLUTION","."
"DISSOLUTION",".","MARRIAGE"
".","MARRIAGE","SHALL"
"MARRIAGE","SHALL","BE"
"SHALL","BE","ENTERED"
"BE","ENTERED","INTO"
"ENTERED","INTO","ONLY"
"INTO","ONLY","WITH"
"ONLY","WITH","THE"
"WITH","THE","FREE"
"THE","FREE","AND"
"FREE","AND","FULL"
"AND","FULL","CONSENT"
"FULL","CONSENT","OF"
"CONSENT","OF","THE"
"OF","THE","INTENDING"
"THE","INTENDING","SPOUSES"
"INTENDING","SPOUSES","."
"SPOUSES",".","THE"
".","THE","FAMILY"
"THE","FAMILY","IS"
"FAMILY","IS","THE"
"IS","THE","NATURAL"
"THE","NATURAL","AND"
"NATURAL","AND","FUNDAMENTAL"
"AND","FUNDAMENTAL","GROUP"
"FUNDAMENTAL","GROUP","UNIT"
"GROUP","UNIT","OF"
"UNIT","OF","SOCIETY"
"OF","SOCIETY","AND"
"SOCIETY","AND","IS"
"AND","IS","ENTITLED"
"IS","ENTITLED","TO"
"ENTITLED","TO","PROTECTION"
"TO","PROTECTION","BY"
"PROTECTION","BY","SOCIETY"
"BY","SOCIETY","AND"
"SOCIETY","AND","THE"
"AND","THE","STATE"
"THE","STATE","."
"STATE",".","ARTICLE"
".","ARTICLE","nn"
"ARTICLE","nn","EVERYONE"
"nn","EVERYONE","HAS"
"EVERYONE","HAS","THE"
"HAS","THE","RIGHT"
"THE","RIGHT","TO"
"RIGHT","TO","OWN"
"TO","OWN","PROPERTY"
"OWN","PROPERTY","ALONE"
"PROPERTY","ALONE","AS"
"ALONE","AS","WELL"
"AS","WELL","AS"
"WELL","AS","IN"
"AS","IN","ASSOCIATION"
"IN","ASSOCIATION","WITH"
"ASSOCIATION","WITH","OTHERS"
"WITH","OTHERS","."
"OTHERS",".","NO"
".","NO","ONE"
"NO","ONE","SHALL"
"ONE","SHALL","BE"
"SHALL","BE","ARBITRARILY"
"BE","ARBITRARILY","DEPRIVED"
"ARBITRARILY","DEPRIVED","OF"
"DEPRIVED","OF","HIS"
"OF","HIS","PROPERTY"
"HIS","PROPERTY","."
"PROPERTY",".","ARTICLE"
".","ARTICLE","nn"
"ARTICLE","nn","EVERYONE"
"nn","EVERYONE","HAS"
"EVERYONE","HAS","THE"
"HAS","THE","RIGHT"
"THE","RIGHT","TO"
"RIGHT","TO","FREEDOM"
"TO","FREEDOM","OF"
"FREEDOM","OF","THOUGHT"
"OF","THOUGHT",","
"THOUGHT",",","CONSCIENCE"
",","CONSCIENCE","AND"
"CONSCIENCE","AND","RELIGION"
"AND","RELIGION",";"
"RELIGION",";","THIS"
";","THIS","RIGHT"
"THIS","RIGHT","INCLUDES"
"RIGHT","INCLUDES","FREEDOM"
"INCLUDES","FREEDOM","TO"
"FREEDOM","TO","CHANGE"
"TO","CHANGE","HIS"
"CHANGE","HIS","RELIGION"
"HIS","RELIGION","OR"
"RELIGION","OR","BELIEF"
"OR","BELIEF",","
"BELIEF",",","AND"
",","AND","FREEDOM"
"AND","FREEDOM",","
"FREEDOM",",","EITHER"
",","EITHER","ALONE"
"EITHER","ALONE","OR"
"ALONE","OR","IN"
"OR","IN","COMMUNITY"
"IN","COMMUNITY","WITH"
"COMMUNITY","WITH","OTHERS"
"WITH","OTHERS","AND"
"OTHERS","AND","IN"
"AND","IN","PUBLIC"
"IN","PUBLIC","OR"
"PUBLIC","OR","PRIVATE"
"OR","PRIVATE",","
"PRIVATE",",","TO"
",","TO","MANIFEST"
"TO","MANIFEST","HIS"
"MANIFEST","HIS","RELIGION"
"HIS","RELIGION","OR"
"RELIGION","OR","BELIEF"
"OR","BELIEF","IN"
"BELIEF","IN","TEACHING"
"IN","TEACHING",","
"TEACHING",",","PRACTICE"
",","PRACTICE",","
"PRACTICE",",","WORSHIP"
",","WORSHIP","AND"
"WORSHIP","AND","OBSERVANCE"
"AND","OBSERVANCE","."
"OBSERVANCE",".","ARTICLE"
".","ARTICLE","nn"
"ARTICLE","nn","EVERYONE"
"nn","EVERYONE","HAS"
"EVERYONE","HAS","THE"
"HAS","THE","RIGHT"
"THE","RIGHT","TO"
"RIGHT","TO","FREEDOM"
"TO","FREEDOM","OF"
"FREEDOM","OF","OPINION"
"OF","OPINION","AND"
"OPINION","AND","EXPRESSION"
"AND","EXPRESSION",";"
"EXPRESSION",";","THIS"
";","THIS","RIGHT"
"THIS","RIGHT","INCLUDES"
"RIGHT","INCLUDES","FREEDOM"
"INCLUDES","FREEDOM","TO"
"FREEDOM","TO","HOLD"
"TO","HOLD","OPINIONS"
"HOLD","OPINIONS","WITHOUT"
"OPINIONS","WITHOUT","INTERFERENCE"
"WITHOUT","INTERFERENCE","AND"
"INTERFERENCE","AND","TO"
"AND","TO","SEEK"
"TO","SEEK",","
"SEEK",",","RECEIVE"
",","RECEIVE","AND"
"RECEIVE","AND","IMPART"
"AND","IMPART","INFORMATION"
"IMPART","INFORMATION","AND"
"INFORMATION","AND","IDEAS"
"AND","IDEAS","THROUGH"
"IDEAS","THROUGH","ANY"
"THROUGH","ANY","MEDIA"
"ANY","MEDIA","AND"
"MEDIA","AND","REGARDLESS"
"AND","REGARDLESS","OF"
"REGARDLESS","OF","FRONTIERS"
"OF","FRONTIERS","."
"FRONTIERS",".","ARTICLE"
".","ARTICLE","nn"
"ARTICLE","nn","EVERYONE"
"nn","EVERYONE","HAS"
"EVERYONE","HAS","THE"
"HAS","THE","RIGHT"
"THE","RIGHT","TO"
"RIGHT","TO","FREEDOM"
"TO","FREEDOM","OF"
"FREEDOM","OF","PEACEFUL"
"OF","PEACEFUL","ASSEMBLY"
"PEACEFUL","ASSEMBLY","AND"
"ASSEMBLY","AND","ASSOCIATION"
"AND","ASSOCIATION","."
"ASSOCIATION",".","NO"
".","NO","ONE"
"NO","ONE","MAY"
"ONE","MAY","BE"
"MAY","BE","COMPELLED"
"BE","COMPELLED","TO"
"COMPELLED","TO","BELONG"
"TO","BELONG","TO"
"BELONG","TO","AN"
"TO","AN","ASSOCIATION"
"AN","ASSOCIATION","."
"ASSOCIATION",".","ARTICLE"
".","ARTICLE","nn"
"ARTICLE","nn","EVERYONE"
"nn","EVERYONE","HAS"
"EVERYONE","HAS","THE"
"HAS","THE","RIGHT"
"THE","RIGHT","TO"
"RIGHT","TO","TAKE"
"TO","TAKE","PART"
"TAKE","PART","IN"
"PART","IN","THE"
"IN","THE","GOVERNMENT"
"THE","GOVERNMENT","OF"
"GOVERNMENT","OF","HIS"
"OF","HIS","COUNTRY"
"HIS","COUNTRY",","
"COUNTRY",",","DIRECTLY"
",","DIRECTLY","OR"
"DIRECTLY","OR","THROUGH"
"OR","THROUGH","FREELY"
"THROUGH","FREELY","CHOSEN"
"FREELY","CHOSEN","REPRESENTATIVES"
"CHOSEN","REPRESENTATIVES","."
"REPRESENTATIVES",".","EVERYONE"
".","EVERYONE","HAS"
"EVERYONE","HAS","THE"
"HAS","THE","RIGHT"
"THE","RIGHT","OF"
"RIGHT","OF","EQUAL"
"OF","EQUAL","ACCESS"
"EQUAL","ACCESS","TO"
"ACCESS","TO","PUBLIC"
"TO","PUBLIC","SERVICE"
"PUBLIC","SERVICE","IN"
"SERVICE","IN","HIS"
"IN","HIS","COUNTRY"
"HIS","COUNTRY","."
"COUNTRY",".","THE"
".","THE","WILL"
"THE","WILL","OF"
"WILL","OF","THE"
"OF","THE","PEOPLE"
"THE","PEOPLE","SHALL"
"PEOPLE","SHALL","BE"
"SHALL","BE","THE"
"BE","THE","BASIS"
"THE","BASIS","OF"
"BASIS","OF","THE"
"OF","THE","AUTHORITY"
"THE","AUTHORITY","OF"
"AUTHORITY","OF","GOVERNMENT"
"OF","GOVERNMENT",";"
"GOVERNMENT",";","THIS"
";","THIS","WILL"
"THIS","WILL","SHALL"
"WILL","SHALL","BE"
"SHALL","BE","EXPRESSED"
"BE","EXPRESSED","IN"
"EXPRESSED","IN","PERIODIC"
"IN","PERIODIC","AND"
"PERIODIC","AND","GENUINE"
"AND","GENUINE","ELECTIONS"
"GENUINE","ELECTIONS","WHICH"
"ELECTIONS","WHICH","SHALL"
"WHICH","SHALL","BE"
"SHALL","BE","BY"
"BE","BY","UNIVERSAL"
"BY","UNIVERSAL","AND"
"UNIVERSAL","AND","EQUAL"
"AND","EQUAL","SUFFRAGE"
"EQUAL","SUFFRAGE","AND"
"SUFFRAGE","AND","SHALL"
"AND","SHALL","BE"
"SHALL","BE","HELD"
"BE","HELD","BY"
"HELD","BY","SECRET"
"BY","SECRET","VOTE"
"SECRET","VOTE","OR"
"VOTE","OR","BY"
"OR","BY","EQUIVALENT"
"BY","EQUIVALENT","FREE"
"EQUIVALENT","FREE","VOTING"
"FREE","VOTING","PROCEDURES"
"VOTING","PROCEDURES","."
"PROCEDURES",".","ARTICLE"
".","ARTICLE","nn"
"ARTICLE","nn","EVERYONE"
"nn","EVERYONE",","
"EVERYONE",",","AS"
",","AS","A"
"AS","A","MEMBER"
"A","MEMBER","OF"
"MEMBER","OF","SOCIETY"
"OF","SOCIETY",","
"SOCIETY",",","HAS"
",","HAS","THE"
"HAS","THE","RIGHT"
"THE","RIGHT","TO"
"RIGHT","TO","SOCIAL"
"TO","SOCIAL","SECURITY"
"SOCIAL","SECURITY","AND"
"SECURITY","AND","IS"
"AND","IS","ENTITLED"
"IS","ENTITLED","TO"
"ENTITLED","TO","REALIZATION"
"TO","REALIZATION",","
"REALIZATION",",","THROUGH"
",","THROUGH","NATIONAL"
"THROUGH","NATIONAL","EFFORT"
"NATIONAL","EFFORT","AND"
"EFFORT","AND","INTERNATIONAL"
"AND","INTERNATIONAL","CO-OPERATION"
"INTERNATIONAL","CO-OPERATION","AND"
"CO-OPERATION","AND","IN"
"AND","IN","ACCORDANCE"
"IN","ACCORDANCE","WITH"
"ACCORDANCE","WITH","THE"
"WITH","THE","ORGANIZATION"
"THE","ORGANIZATION","AND"
"ORGANIZATION","AND","RESOURCES"
"AND","RESOURCES","OF"
"RESOURCES","OF","EACH"
"OF","EACH","STATE"
"EACH","STATE",","
"STATE",",","OF"
",","OF","THE"
"OF","THE","ECONOMIC"
"THE","ECONOMIC",","
"ECONOMIC",",","SOCIAL"
",","SOCIAL","AND"
"SOCIAL","AND","CULTURAL"
"AND","CULTURAL","RIGHTS"
"CULTURAL","RIGHTS","INDISPENSABLE"
"RIGHTS","INDISPENSABLE","FOR"
"INDISPENSABLE","FOR","HIS"
"FOR","HIS","DIGNITY"
"HIS","DIGNITY","AND"
"DIGNITY","AND","THE"
"AND","THE","FREE"
"THE","FREE","DEVELOPMENT"
"FREE","DEVELOPMENT","OF"
"DEVELOPMENT","OF","HIS"
"OF","HIS","PERSONALITY"
"HIS","PERSONALITY","."
"PERSONALITY",".","ARTICLE"
".","ARTICLE","nn"
"ARTICLE","nn","EVERYONE"
"nn","EVERYONE","HAS"
"EVERYONE","HAS","THE"
"HAS","THE","RIGHT"
"THE","RIGHT","TO"
"RIGHT","TO","WORK"
"TO","WORK",","
"WORK",",","TO"
",","TO","FREE"
"TO","FREE","CHOICE"
"FREE","CHOICE","OF"
"CHOICE","OF","EMPLOYMENT"
"OF","EMPLOYMENT",","
"EMPLOYMENT",",","TO"
",","TO","JUST"
"TO","JUST","AND"
"JUST","AND","FAVOURABLE"
"AND","FAVOURABLE","CONDITIONS"
"FAVOURABLE","CONDITIONS","OF"
"CONDITIONS","OF","WORK"
"OF","WORK","AND"
"WORK","AND","TO"
"AND","TO","PROTECTION"
"TO","PROTECTION","AGAINST"
"PROTECTION","AGAINST","UNEMPLOYMENT"
"AGAINST","UNEMPLOYMENT","."
"UNEMPLOYMENT",".","EVERYONE"
".","EVERYONE",","
"EVERYONE",",","WITHOUT"
",","WITHOUT","ANY"
"WITHOUT","ANY","DISCRIMINATION"
"ANY","DISCRIMINATION",","
"DISCRIMINATION",",","HAS"
",","HAS","THE"
"HAS","THE","RIGHT"
"THE","RIGHT","TO"
"RIGHT","TO","EQUAL"
"TO","EQUAL","PAY"
"EQUAL","PAY","FOR"
"PAY","FOR","EQUAL"
"FOR","EQUAL","WORK"
"EQUAL","WORK","."
"WORK",".","EVERYONE"
".","EVERYONE","WHO"
"EVERYONE","WHO","WORKS"
"WHO","WORKS","HAS"
"WORKS","HAS","THE"
"HAS","THE","RIGHT"
"THE","RIGHT","TO"
"RIGHT","TO","JUST"
"TO","JUST","AND"
"JUST","AND","FAVOURABLE"
"AND","FAVOURABLE","REMUNERATION"
"FAVOURABLE","REMUNERATION","ENSURING"
"REMUNERATION","ENSURING","FOR"
"ENSURING","FOR","HIMSELF"
"FOR","HIMSELF","AND"
"HIMSELF","AND","HIS"
"AND","HIS","FAMILY"
"HIS","FAMILY","AN"
"FAMILY","AN","EXISTENCE"
"AN","EXISTENCE","WORTHY"
"EXISTENCE","WORTHY","OF"
"WORTHY","OF","HUMAN"
"OF","HUMAN","DIGNITY"
"HUMAN","DIGNITY",","
"DIGNITY",",","AND"
",","AND","SUPPLEMENTED"
"AND","SUPPLEMENTED",","
"SUPPLEMENTED",",","IF"
",","IF","NECESSARY"
"IF","NECESSARY",","
"NECESSARY",",","BY"
",","BY","OTHER"
"BY","OTHER","MEANS"
"OTHER","MEANS","OF"
"MEANS","OF","SOCIAL"
"OF","SOCIAL","PROTECTION"
"SOCIAL","PROTECTION","."
"PROTECTION",".","EVERYONE"
".","EVERYONE","HAS"
"EVERYONE","HAS","THE"
"HAS","THE","RIGHT"
"THE","RIGHT","TO"
"RIGHT","TO","FORM"
"TO","FORM","AND"
"FORM","AND","TO"
"AND","TO","JOIN"
"TO","JOIN","TRADE"
"JOIN","TRADE","UNIONS"
"TRADE","UNIONS","FOR"
"UNIONS","FOR","THE"
"FOR","THE","PROTECTION"
"THE","PROTECTION","OF"
"PROTECTION","OF","HIS"
"OF","HIS","INTERESTS"
"HIS","INTERESTS","."
"INTERESTS",".","ARTICLE"
".","ARTICLE","nn"
"ARTICLE","nn","EVERYONE"
"nn","EVERYONE","HAS"
"EVERYONE","HAS","THE"
"HAS","THE","RIGHT"
"THE","RIGHT","TO"
"RIGHT","TO","REST"
"TO","REST","AND"
"REST","AND","LEISURE"
"AND","LEISURE",","
"LEISURE",",","INCLUDING"
",","INCLUDING","REASONABLE"
"INCLUDING","REASONABLE","LIMITATION"
"REASONABLE","LIMITATION","OF"
"LIMITATION","OF","WORKING"
"OF","WORKING","HOURS"
"WORKING","HOURS","AND"
"HOURS","AND","PERIODIC"
"AND","PERIODIC","HOLIDAYS"
"PERIODIC","HOLIDAYS","WITH"
"HOLIDAYS","WITH","PAY"
"WITH","PAY","."
"PAY",".","ARTICLE"
".","ARTICLE","nn"
"ARTICLE","nn","EVERYONE"
"nn","EVERYONE","HAS"
"EVERYONE","HAS","THE"
"HAS","THE","RIGHT"
"THE","RIGHT","TO"
"RIGHT","TO","A"
"TO","A","STANDARD"
"A","STANDARD","OF"
"STANDARD","OF","LIVING"
"OF","LIVING","ADEQUATE"
"LIVING","ADEQUATE","FOR"
"ADEQUATE","FOR","THE"
"FOR","THE","HEALTH"
"THE","HEALTH","AND"
"HEALTH","AND","WELL-BEING"
"AND","WELL-BEING","OF"
"WELL-BEING","OF","HIMSELF"
"OF","HIMSELF","AND"
"HIMSELF","AND","OF"
"AND","OF","HIS"
"OF","HIS","FAMILY"
"HIS","FAMILY",","
"FAMILY",",","INCLUDING"
",","INCLUDING","FOOD"
"INCLUDING","FOOD",","
"FOOD",",","CLOTHING"
",","CLOTHING",","
"CLOTHING",",","HOUSING"
",","HOUSING","AND"
"HOUSING","AND","MEDICAL"
"AND","MEDICAL","CARE"
"MEDICAL","CARE","AND"
"CARE","AND","NECESSARY"
"AND","NECESSARY","SOCIAL"
"NECESSARY","SOCIAL","SERVICES"
"SOCIAL","SERVICES",","
"SERVICES",",","AND"
",","AND","THE"
"AND","THE","RIGHT"
"THE","RIGHT","TO"
"RIGHT","TO","SECURITY"
"TO","SECURITY","IN"
"SECURITY","IN","THE"
"IN","THE","EVENT"
"THE","EVENT","OF"
"EVENT","OF","UNEMPLOYMENT"
"OF","UNEMPLOYMENT",","
"UNEMPLOYMENT",",","SICKNESS"
",","SICKNESS",","
"SICKNESS",",","DISABILITY"
",","DISABILITY",","
"DISABILITY",",","WIDOWHOOD"
",","WIDOWHOOD",","
"WIDOWHOOD",",","OLD"
",","OLD","AGE"
"OLD","AGE","OR"
"AGE","OR","OTHER"
"OR","OTHER","LACK"
"OTHER","LACK","OF"
"LACK","OF","LIVELIHOOD"
"OF","LIVELIHOOD","IN"
"LIVELIHOOD","IN","CIRCUMSTANCES"
"IN","CIRCUMSTANCES","BEYOND"
"CIRCUMSTANCES","BEYOND","HIS"
"BEYOND","HIS","CONTROL"
"HIS","CONTROL","."
"CONTROL",".","MOTHERHOOD"
".","MOTHERHOOD","AND"
"MOTHERHOOD","AND","CHILDHOOD"
"AND","CHILDHOOD","ARE"
"CHILDHOOD","ARE","ENTITLED"
"ARE","ENTITLED","TO"
"ENTITLED","TO","SPECIAL"
"TO","SPECIAL","CARE"
"SPECIAL","CARE","AND"
"CARE","AND","ASSISTANCE"
"AND","ASSISTANCE","."
"ASSISTANCE",".","ALL"
".","ALL","CHILDREN"
"ALL","CHILDREN",","
"CHILDREN",",","WHETHER"
",","WHETHER","BORN"
"WHETHER","BORN","IN"
"BORN","IN","OR"
"IN","OR","OUT"
"OR","OUT","OF"
"OUT","OF","WEDLOCK"
"OF","WEDLOCK",","
"WEDLOCK",",","SHALL"
",","SHALL","ENJOY"
"SHALL","ENJOY","THE"
"ENJOY","THE","SAME"
"THE","SAME","SOCIAL"
"SAME","SOCIAL","PROTECTION"
"SOCIAL","PROTECTION","."
"PROTECTION",".","ARTICLE"
".","ARTICLE","nn"
"ARTICLE","nn","EVERYONE"
"nn","EVERYONE","HAS"
"EVERYONE","HAS","THE"
"HAS","THE","RIGHT"
"THE","RIGHT","TO"
"RIGHT","TO","EDUCATION"
"TO","EDUCATION","."
"EDUCATION",".","EDUCATION"
".","EDUCATION","SHALL"
"EDUCATION","SHALL","BE"
"SHALL","BE","FREE"
"BE","FREE",","
"FREE",",","AT"
",","AT","LEAST"
"AT","LEAST","IN"
"LEAST","IN","THE"
"IN","THE","ELEMENTARY"
"THE","ELEMENTARY","AND"
"ELEMENTARY","AND","FUNDAMENTAL"
"AND","FUNDAMENTAL","STAGES"
"FUNDAMENTAL","STAGES","."
"STAGES",".","ELEMENTARY"
".","ELEMENTARY","EDUCATION"
"ELEMENTARY","EDUCATION","SHALL"
"EDUCATION","SHALL","BE"
"SHALL","BE","COMPULSORY"
"BE","COMPULSORY","."
"COMPULSORY",".","TECHNICAL"
".","TECHNICAL","AND"
"TECHNICAL","AND","PROFESSIONAL"
"AND","PROFESSIONAL","EDUCATION"
"PROFESSIONAL","EDUCATION","SHALL"
"EDUCATION","SHALL","BE"
"SHALL","BE","MADE"
"BE","MADE","GENERALLY"
"MADE","GENERALLY","AVAILABLE"
"GENERALLY","AVAILABLE","AND"
"AVAILABLE","AND","HIGHER"
"AND","HIGHER","EDUCATION"
"HIGHER","EDUCATION","SHALL"
"EDUCATION","SHALL","BE"
"SHALL","BE","EQUALLY"
"BE","EQUALLY","ACCESSIBLE"
"EQUALLY","ACCESSIBLE","TO"
"ACCESSIBLE","TO","ALL"
"TO","ALL","ON"
"ALL","ON","THE"
"ON","THE","BASIS"
"THE","BASIS","OF"
"BASIS","OF","MERIT"
"OF","MERIT","."
"MERIT",".","EDUCATION"
".","EDUCATION","SHALL"
"EDUCATION","SHALL","BE"
"SHALL","BE","DIRECTED"
"BE","DIRECTED","TO"
"DIRECTED","TO","THE"
"TO","THE","FULL"
"THE","FULL","DEVELOPMENT"
"FULL","DEVELOPMENT","OF"
"DEVELOPMENT","OF","THE"
"OF","THE","HUMAN"
"THE","HUMAN","PERSONALITY"
"HUMAN","PERSONALITY","AND"
"PERSONALITY","AND","TO"
"AND","TO","THE"
"TO","THE","STRENGTHENING"
"THE","STRENGTHENING","OF"
"STRENGTHENING","OF","RESPECT"
"OF","RESPECT","FOR"
"RESPECT","FOR","HUMAN"
"FOR","HUMAN","RIGHTS"
"HUMAN","RIGHTS","AND"
"RIGHTS","AND","FUNDAMENTAL"
"AND","FUNDAMENTAL","FREEDOMS"
"FUNDAMENTAL","FREEDOMS","."
"FREEDOMS",".","IT"
".","IT","SHALL"
"IT","SHALL","PROMOTE"
"SHALL","PROMOTE","UNDERSTANDING"
"PROMOTE","UNDERSTANDING",","
"UNDERSTANDING",",","TOLERANCE"
",","TOLERANCE","AND"
"TOLERANCE","AND","FRIENDSHIP"
"AND","FRIENDSHIP","AMONG"
"FRIENDSHIP","AMONG","ALL"
"AMONG","ALL","NATIONS"
"ALL","NATIONS",","
"NATIONS",",","RACIAL"
",","RACIAL","OR"
"RACIAL","OR","RELIGIOUS"
"OR","RELIGIOUS","GROUPS"
"RELIGIOUS","GROUPS",","
"GROUPS",",","AND"
",","AND","SHALL"
"AND","SHALL","FURTHER"
"SHALL","FURTHER","THE"
"FURTHER","THE","ACTIVITIES"
"THE","ACTIVITIES","OF"
"ACTIVITIES","OF","THE"
"OF","THE","UNITED"
"THE","UNITED","NATIONS"
"UNITED","NATIONS","FOR"
"NATIONS","FOR","THE"
"FOR","THE","MAINTENANCE"
"THE","MAINTENANCE","OF"
"MAINTENANCE","OF","PEACE"
"OF","PEACE","."
"PEACE",".","PARENTS"
".","PARENTS","HAVE"
"PARENTS","HAVE","A"
"HAVE","A","PRIOR"
"A","PRIOR","RIGHT"
"PRIOR","RIGHT","TO"
"RIGHT","TO","CHOOSE"
"TO","CHOOSE","THE"
"CHOOSE","THE","KIND"
"THE","KIND","OF"
"KIND","OF","EDUCATION"
"OF","EDUCATION","THAT"
"EDUCATION","THAT","SHALL"
"THAT","SHALL","BE"
"SHALL","BE","GIVEN"
"BE","GIVEN","TO"
"GIVEN","TO","THEIR"
"TO","THEIR","CHILDREN"
"THEIR","CHILDREN","."
"CHILDREN",".","ARTICLE"
".","ARTICLE","nn"
"ARTICLE","nn","EVERYONE"
"nn","EVERYONE","HAS"
"EVERYONE","HAS","THE"
"HAS","THE","RIGHT"
"THE","RIGHT","FREELY"
"RIGHT","FREELY","TO"
"FREELY","TO","PARTICIPATE"
"TO","PARTICIPATE","IN"
"PARTICIPATE","IN","THE"
"IN","THE","CULTURAL"
"THE","CULTURAL","LIFE"
"CULTURAL","LIFE","OF"
"LIFE","OF","THE"
"OF","THE","COMMUNITY"
"THE","COMMUNITY",","
"COMMUNITY",",","TO"
",","TO","ENJOY"
"TO","ENJOY","THE"
"ENJOY","THE","ARTS"
"THE","ARTS","AND"
"ARTS","AND","TO"
"AND","TO","SHARE"
"TO","SHARE","IN"
"SHARE","IN","SCIENTIFIC"
"IN","SCIENTIFIC","ADVANCEMENT"
"SCIENTIFIC","ADVANCEMENT","AND"
"ADVANCEMENT","AND","ITS"
"AND","ITS","BENEFITS"
"ITS","BENEFITS","."
"BENEFITS",".","EVERYONE"
".","EVERYONE","HAS"
"EVERYONE","HAS","THE"
"HAS","THE","RIGHT"
"THE","RIGHT","TO"
"RIGHT","TO","THE"
"TO","THE","PROTECTION"
"THE","PROTECTION","OF"
"PROTECTION","OF","THE"
"OF","THE","MORAL"
"THE","MORAL","AND"
"MORAL","AND","MATERIAL"
"AND","MATERIAL","INTERESTS"
"MATERIAL","INTERESTS","RESULTING"
"INTERESTS","RESULTING","FROM"
"RESULTING","FROM","ANY"
"FROM","ANY","SCIENTIFIC"
"ANY","SCIENTIFIC",","
"SCIENTIFIC",",","LITERARY"
",","LITERARY","OR"
"LITERARY","OR","ARTISTIC"
"OR","ARTISTIC","PRODUCTION"
"ARTISTIC","PRODUCTION","OF"
"PRODUCTION","OF","WHICH"
"OF","WHICH","HE"
"WHICH","HE","IS"
"HE","IS","THE"
"IS","THE","AUTHOR"
"THE","AUTHOR","."
"AUTHOR",".","ARTICLE"
".","ARTICLE","nn"
"ARTICLE","nn","EVERYONE"
"nn","EVERYONE","IS"
"EVERYONE","IS","ENTITLED"
"IS","ENTITLED","TO"
"ENTITLED","TO","A"
"TO","A","SOCIAL"
"A","SOCIAL","AND"
"SOCIAL","AND","INTERNATIONAL"
"AND","INTERNATIONAL","ORDER"
"INTERNATIONAL","ORDER","IN"
"ORDER","IN","WHICH"
"IN","WHICH","THE"
"WHICH","THE","RIGHTS"
"THE","RIGHTS","AND"
"RIGHTS","AND","FREEDOMS"
"AND","FREEDOMS","SET"
"FREEDOMS","SET","FORTH"
"SET","FORTH","IN"
"FORTH","IN","THIS"
"IN","THIS","DECLARATION"
"THIS","DECLARATION","CAN"
"DECLARATION","CAN","BE"
"CAN","BE","FULLY"
"BE","FULLY","REALIZED"
"FULLY","REALIZED","."
"REALIZED",".","ARTICLE"
".","ARTICLE","nn"
"ARTICLE","nn","EVERYONE"
"nn","EVERYONE","HAS"
"EVERYONE","HAS","DUTIES"
"HAS","DUTIES","TO"
"DUTIES","TO","THE"
"TO","THE","COMMUNITY"
"THE","COMMUNITY","IN"
"COMMUNITY","IN","WHICH"
"IN","WHICH","ALONE"
"WHICH","ALONE","THE"
"ALONE","THE","FREE"
"THE","FREE","AND"
"FREE","AND","FULL"
"AND","FULL","DEVELOPMENT"
"FULL","DEVELOPMENT","OF"
"DEVELOPMENT","OF","HIS"
"OF","HIS","PERSONALITY"
"HIS","PERSONALITY","IS"
"PERSONALITY","IS","POSSIBLE"
"IS","POSSIBLE","."
"POSSIBLE",".","IN"
".","IN","THE"
"IN","THE","EXERCISE"
"THE","EXERCISE","OF"
"EXERCISE","OF","HIS"
"OF","HIS","RIGHTS"
"HIS","RIGHTS","AND"
"RIGHTS","AND","FREEDOMS"
"AND","FREEDOMS",","
"FREEDOMS",",","EVERYONE"
",","EVERYONE","SHALL"
"EVERYONE","SHALL","BE"
"SHALL","BE","SUBJECT"
"BE","SUBJECT","ONLY"
"SUBJECT","ONLY","TO"
"ONLY","TO","SUCH"
"TO","SUCH","LIMITATIONS"
"SUCH","LIMITATIONS","AS"
"LIMITATIONS","AS","ARE"
"AS","ARE","DETERMINED"
"ARE","DETERMINED","BY"
"DETERMINED","BY","LAW"
"BY","LAW","SOLELY"
"LAW","SOLELY","FOR"
"SOLELY","FOR","THE"
"FOR","THE","PURPOSE"
"THE","PURPOSE","OF"
"PURPOSE","OF","SECURING"
"OF","SECURING","DUE"
"SECURING","DUE","RECOGNITION"
"DUE","RECOGNITION","AND"
"RECOGNITION","AND","RESPECT"
"AND","RESPECT","FOR"
"RESPECT","FOR","THE"
"FOR","THE","RIGHTS"
"THE","RIGHTS","AND"
"RIGHTS","AND","FREEDOMS"
"AND","FREEDOMS","OF"
"FREEDOMS","OF","OTHERS"
"OF","OTHERS","AND"
"OTHERS","AND","OF"
"AND","OF","MEETING"
"OF","MEETING","THE"
"MEETING","THE","JUST"
"THE","JUST","REQUIREMENTS"
"JUST","REQUIREMENTS","OF"
"REQUIREMENTS","OF","MORALITY"
"OF","MORALITY",","
"MORALITY",",","PUBLIC"
",","PUBLIC","ORDER"
"PUBLIC","ORDER","AND"
"ORDER","AND","THE"
"AND","THE","GENERAL"
"THE","GENERAL","WELFARE"
"GENERAL","WELFARE","IN"
"WELFARE","IN","A"
"IN","A","DEMOCRATIC"
"A","DEMOCRATIC","SOCIETY"
"DEMOCRATIC","SOCIETY","."
"SOCIETY",".","THESE"
".","THESE","RIGHTS"
"THESE","RIGHTS","AND"
"RIGHTS","AND","FREEDOMS"
"AND","FREEDOMS","MAY"
"FREEDOMS","MAY","IN"
"MAY","IN","NO"
"IN","NO","CASE"
"NO","CASE","BE"
"CASE","BE","EXERCISED"
"BE","EXERCISED","CONTRARY"
"EXERCISED","CONTRARY","TO"
"CONTRARY","TO","THE"
"TO","THE","PURPOSES"
"THE","PURPOSES","AND"
"PURPOSES","AND","PRINCIPLES"
"AND","PRINCIPLES","OF"
"PRINCIPLES","OF","THE"
"OF","THE","UNITED"
"THE","UNITED","NATIONS"
"UNITED","NATIONS","."
"NATIONS",".","ARTICLE"
".","ARTICLE","nn"
"ARTICLE","nn","NOTHING"
"nn","NOTHING","IN"
"NOTHING","IN","THIS"
"IN","THIS","DECLARATION"
"THIS","DECLARATION","MAY"
"DECLARATION","MAY","BE"
"MAY","BE","INTERPRETED"
"BE","INTERPRETED","AS"
"INTERPRETED","AS","IMPLYING"
"AS","IMPLYING","FOR"
"IMPLYING","FOR","ANY"
"FOR","ANY","STATE"
"ANY","STATE",","
"STATE",",","GROUP"
",","GROUP","OR"
"GROUP","OR","PERSON"
"OR","PERSON","ANY"
"PERSON","ANY","RIGHT"
"ANY","RIGHT","TO"
"RIGHT","TO","ENGAGE"
"TO","ENGAGE","IN"
"ENGAGE","IN","ANY"
"IN","ANY","ACTIVITY"
"ANY","ACTIVITY","OR"
"ACTIVITY","OR","TO"
"OR","TO","PERFORM"
"TO","PERFORM","ANY"
"PERFORM","ANY","ACT"
"ANY","ACT","AIMED"
"ACT","AIMED","AT"
"AIMED","AT","THE"
"AT","THE","DESTRUCTION"
"THE","DESTRUCTION","OF"
"DESTRUCTION","OF","ANY"
"OF","ANY","OF"
"ANY","OF","THE"
"OF","THE","RIGHTS"
"THE","RIGHTS","AND"
"RIGHTS","AND","FREEDOMS"
"AND","FREEDOMS","SET"
"FREEDOMS","SET","FORTH"
"SET","FORTH","HEREIN"
"FORTH","HEREIN","."
